Blink Start Time,Blink End Time,Blink Duration (seconds),EAR
2024-12-24 18:23:09.580288,,,0.344738879923861
2024-12-24 18:23:09.695830,,,0.3616266159985658
2024-12-24 18:23:09.730389,,,0.40822543815528334
2024-12-24 18:23:09.766010,,,0.359375
2024-12-24 18:23:09.803014,,,0.38713485846554163
2024-12-24 18:23:09.839578,,,0.4225572736193737
2024-12-24 18:23:09.875562,,,0.37463485846554156
2024-12-24 18:23:09.916127,,,0.3434457153879513
2024-12-24 18:23:09.952130,,,0.3783465713422786
2024-12-24 18:23:09.985129,,,0.36518768426909143
2024-12-24 18:23:10.020175,,,0.380186142058215
2024-12-24 18:23:10.055175,,,0.3649592303903207
2024-12-24 18:23:10.093183,,,0.3505492261705535
2024-12-24 18:23:10.129690,,,0.3742697169310832
2024-12-24 18:23:10.165707,,,0.3645159201001854
2024-12-24 18:23:10.200723,,,0.3356498513124943
2024-12-24 18:23:10.236156,,,0.363666065854411
2024-12-24 18:23:10.272181,,,0.3189338235294118
2024-12-24 18:23:10.306668,,,0.348041065854411
2024-12-24 18:23:10.341676,,,0.37592550466500885
2024-12-24 18:23:10.378698,,,0.39155050466500885
2024-12-24 18:23:10.414207,,,0.3033088235294118
2024-12-24 18:23:10.450190,,,0.35019021054736177
2024-12-24 18:23:10.485191,,,0.3235294117647059
2024-12-24 18:23:10.522712,,,0.3342677681351814
2024-12-24 18:23:10.562715,,,0.36397058823529416
2024-12-24 18:23:10.600720,,,0.3336397058823529
2024-12-24 18:23:10.640333,,,0.35354712748905487
2024-12-24 18:23:10.683605,,,0.37463485846554156
2024-12-24 18:23:10.724492,,,0.35354712748905487
2024-12-24 18:23:10.759490,,,0.35354712748905487
2024-12-24 18:23:10.794519,,,0.3645159201001854
2024-12-24 18:23:10.829027,,,0.36459157051941987
2024-12-24 18:23:10.864026,,,0.3526366540897051
2024-12-24 18:23:10.899044,,,0.3526366540897051
2024-12-24 18:23:10.933554,,,0.35506874590373527
2024-12-24 18:23:10.968556,,,0.3541582725043856
2024-12-24 18:23:11.006559,,,0.35294117647058826
2024-12-24 18:23:11.041602,,,0.3547621232692877
2024-12-24 18:23:11.077601,,,0.36459157051941987
2024-12-24 18:23:11.112502,,,0.35354712748905487
2024-12-24 18:23:11.148485,,,0.33914576751699677
2024-12-24 18:23:11.184485,,,0.3652637527712038
2024-12-24 18:23:11.219592,,,0.3443543509357581
2024-12-24 18:23:11.254573,,,0.3742697169310832
2024-12-24 18:23:11.289572,,,0.35900985846554156
2024-12-24 18:23:11.324710,,,0.3526366540897051
2024-12-24 18:23:11.360712,,,0.353851649869938
2024-12-24 18:23:11.395719,,,0.2827971798998873
2024-12-24 18:23:11.430888,2024-12-24 18:23:11.568249,0.137361,0.2739583333333333
2024-12-24 18:23:11.568249,,,0.2739583333333333
2024-12-24 18:23:11.605254,,,0.3125
2024-12-24 18:23:11.638763,,,0.3296721798998873
2024-12-24 18:23:11.673764,,,0.35900985846554156
2024-12-24 18:23:11.708278,,,0.36030050466500885
2024-12-24 18:23:11.742331,,,0.37463485846554156
2024-12-24 18:23:11.776411,,,0.37592550466500885
2024-12-24 18:23:11.810942,,,0.364896092900303
2024-12-24 18:23:11.844075,,,0.353851649869938
2024-12-24 18:23:11.877698,,,0.37685100933001775
2024-12-24 18:23:11.909242,,,0.363666065854411
2024-12-24 18:23:11.941349,,,0.353851649869938
2024-12-24 18:23:11.973356,,,0.363666065854411
2024-12-24 18:23:12.005248,,,0.353851649869938
2024-12-24 18:23:12.035871,,,0.36459157051941987
2024-12-24 18:23:12.068779,,,0.36482254273463305
2024-12-24 18:23:12.102785,,,0.39155302300145123
2024-12-24 18:23:12.135579,,,0.3768510093300177
2024-12-24 18:23:12.169061,,,0.3658065662996527
2024-12-24 18:23:12.201304,,,0.384308529456195
2024-12-24 18:23:12.233959,,,0.34467550466500885
2024-12-24 18:23:12.267956,,,0.3645159201001854
2024-12-24 18:23:12.299856,,,0.37463485846554156
2024-12-24 18:23:12.333560,,,0.37463485846554156
2024-12-24 18:23:12.366604,,,0.36459157051941987
2024-12-24 18:23:12.401724,,,0.3755603631305504
2024-12-24 18:23:12.434295,,,0.26754852540027596
2024-12-24 18:23:12.467349,2024-12-24 18:23:12.537016,0.069667,0.3121957153879513
2024-12-24 18:23:12.537016,,,0.3121957153879513
2024-12-24 18:23:12.572014,,,0.3378378132361813
2024-12-24 18:23:12.606918,,,0.33419368199495336
2024-12-24 18:23:12.640182,,,0.3804906644390981
2024-12-24 18:23:12.674412,,,0.35900985846554156
2024-12-24 18:23:12.705320,,,0.3661867390997703
2024-12-24 18:23:12.738944,,,0.3324163036232455
2024-12-24 18:23:12.774943,,,0.35506664565017076
2024-12-24 18:23:12.807960,,,0.3661867390997703
2024-12-24 18:23:12.840489,,,0.37938988274438046
2024-12-24 18:23:12.873582,,,0.3898642884698783
2024-12-24 18:23:12.907587,,,0.40625
2024-12-24 18:23:12.941100,,,0.3968133352540175
2024-12-24 18:23:12.973194,,,0.3970111339309096
2024-12-24 18:23:13.005357,,,0.3830409764675422
2024-12-24 18:23:13.036092,,,0.3652637527712038
2024-12-24 18:23:13.071092,,,0.35506664565017076
2024-12-24 18:23:13.102320,,,0.353851649869938
2024-12-24 18:23:13.134861,,,0.37592550466500885
2024-12-24 18:23:13.168148,,,0.3685575322228791
2024-12-24 18:23:13.201192,,,0.37960197525324413
2024-12-24 18:23:13.232887,,,0.3597060289985224
2024-12-24 18:23:13.266844,,,0.3807060227956922
2024-12-24 18:23:13.297833,,,0.3652637527712038
2024-12-24 18:23:13.332445,,,0.3349328704182626
2024-12-24 18:23:13.364445,,,0.3664808488050011
2024-12-24 18:23:13.396560,,,0.3677740133409108
2024-12-24 18:23:13.431134,,,0.3652637527712038
2024-12-24 18:23:13.462148,,,0.3664808488050011
2024-12-24 18:23:13.495140,,,0.35506874590373527
2024-12-24 18:23:13.525843,,,0.3645159201001854
2024-12-24 18:23:13.558844,,,0.353851649869938
2024-12-24 18:23:13.589943,,,0.3541582725043856
2024-12-24 18:23:13.623142,,,0.35294117647058826
2024-12-24 18:23:13.655142,,,0.3652637527712038
2024-12-24 18:23:13.688231,,,0.3839514498668919
2024-12-24 18:23:13.721916,,,0.3658822167188872
2024-12-24 18:23:13.755634,,,0.36709721249912
2024-12-24 18:23:13.791619,,,0.36709721249912
2024-12-24 18:23:13.824543,,,0.3658822167188872
2024-12-24 18:23:13.856741,,,0.36459157051941987
2024-12-24 18:23:13.888848,,,0.3658822167188872
2024-12-24 18:23:13.920316,,,0.3674038351335676
2024-12-24 18:23:13.952796,,,0.36709721249912
2024-12-24 18:23:13.984796,,,0.3658822167188872
2024-12-24 18:23:14.018441,,,0.35354712748905487
2024-12-24 18:23:14.050412,,,0.3575322971186181
2024-12-24 18:23:14.082878,,,0.36459157051941987
2024-12-24 18:23:14.116497,,,0.364896092900303
2024-12-24 18:23:14.150516,,,0.353851649869938
2024-12-24 18:23:14.183512,,,0.3913072736193737
2024-12-24 18:23:14.217160,,,0.36330092431995265
2024-12-24 18:23:14.252158,,,0.3755603631305504
2024-12-24 18:23:14.284674,,,0.353851649869938
2024-12-24 18:23:14.319706,,,0.3830409764675422
2024-12-24 18:23:14.353008,,,0.37685100933001775
2024-12-24 18:23:14.385993,,,0.3559771190495205
2024-12-24 18:23:14.418922,,,0.37721615086447613
2024-12-24 18:23:14.451937,,,0.364896092900303
2024-12-24 18:23:14.484922,,,0.353851649869938
2024-12-24 18:23:14.515430,,,0.3645159201001854
2024-12-24 18:23:14.558413,,,0.3645159201001854
2024-12-24 18:23:14.591415,,,0.3827364540866591
2024-12-24 18:23:14.624381,,,0.36488106163464384
2024-12-24 18:23:14.656488,,,0.36488106163464384
2024-12-24 18:23:14.689805,,,0.3947485580998915
2024-12-24 18:23:14.725882,,,0.37721615086447613
2024-12-24 18:23:14.761431,,,0.353851649869938
2024-12-24 18:23:14.797017,,,0.37721615086447613
2024-12-24 18:23:14.832527,,,0.38412313424502287
2024-12-24 18:23:14.866526,,,0.3661867390997703
2024-12-24 18:23:14.901532,,,0.35506664565017076
2024-12-24 18:23:14.939755,,,0.39426274826529767
2024-12-24 18:23:14.975687,,,0.3785093154003858
2024-12-24 18:23:15.009701,,,0.3688641976346132
2024-12-24 18:23:15.044727,,,0.3941455358338266
2024-12-24 18:23:15.079729,,,0.353851649869938
2024-12-24 18:23:15.114247,,,0.364896092900303
2024-12-24 18:23:15.149245,,,0.35506664565017076
2024-12-24 18:23:15.183270,,,0.38304101924482864
2024-12-24 18:23:15.217819,,,0.35628374168396815
2024-12-24 18:23:15.253038,,,0.3428806898801493
2024-12-24 18:23:15.288036,,,0.36488106163464384
2024-12-24 18:23:15.323550,,,0.3680559485987915
2024-12-24 18:23:15.358553,,,0.36526379554849026
2024-12-24 18:23:15.393552,,,0.4248943897753799
2024-12-24 18:23:15.428822,,,0.41209746506239425
2024-12-24 18:23:15.463823,,,0.3943078576061853
2024-12-24 18:23:15.499314,,,0.3658822167188872
2024-12-24 18:23:15.534490,,,0.313435597664362
2024-12-24 18:23:15.569506,,,0.25168009771063704
2024-12-24 18:23:15.604512,2024-12-24 18:23:15.709071,0.104559,0.2690957053001632
2024-12-24 18:23:15.709071,,,0.2690957053001632
2024-12-24 18:23:15.747813,,,0.31529007518772584
2024-12-24 18:23:15.785811,,,0.34647921826531614
2024-12-24 18:23:15.821356,,,0.3618502029013385
2024-12-24 18:23:15.856374,,,0.3631408491008058
2024-12-24 18:23:15.893359,,,0.3526366540897051
2024-12-24 18:23:15.932290,,,0.35354712748905487
2024-12-24 18:23:15.970287,,,0.3658065662996527
2024-12-24 18:23:16.004295,,,0.3645159201001854
2024-12-24 18:23:16.039808,,,0.3661742261705535
2024-12-24 18:23:16.074803,,,0.4092998182365848
2024-12-24 18:23:16.111831,,,0.3695775670134719
2024-12-24 18:23:16.145387,,,0.37938988274438046
2024-12-24 18:23:16.179394,,,0.39741695957452666
2024-12-24 18:23:16.212909,,,0.39589926920308993
2024-12-24 18:23:16.245920,,,0.3683604709796746
2024-12-24 18:23:16.280932,,,0.36488106163464384
2024-12-24 18:23:16.315505,,,0.37592802300145123
2024-12-24 18:23:16.352490,,,0.36488106163464384
2024-12-24 18:23:16.386488,,,0.3661131889341003
2024-12-24 18:23:16.422000,,,0.39263086661648816
2024-12-24 18:23:16.460004,,,0.37463485846554156
2024-12-24 18:23:16.495024,,,0.3898642884698783
2024-12-24 18:23:16.528686,,,0.39407038823224805
2024-12-24 18:23:16.564287,,,0.353851649869938
2024-12-24 18:23:16.600296,,,0.41027884496165223
2024-12-24 18:23:16.635828,,,0.41027884496165223
2024-12-24 18:23:16.670416,,,0.36518768426909143
2024-12-24 18:23:16.703780,,,0.41027884496165223
2024-12-24 18:23:16.738994,,,0.41209746506239425
2024-12-24 18:23:16.772993,,,0.3695754667599074
2024-12-24 18:23:16.808037,,,0.35506874590373527
2024-12-24 18:23:16.843065,,,0.4131407764644961
2024-12-24 18:23:16.881165,,,0.3827364540866591
2024-12-24 18:23:16.917233,,,0.353851649869938
2024-12-24 18:23:16.952251,,,0.3149797645528214
2024-12-24 18:23:16.987253,2024-12-24 18:23:17.057163,0.06991,0.25
2024-12-24 18:23:17.057163,,,0.25
2024-12-24 18:23:17.091161,,,0.25192352540027596
2024-12-24 18:23:17.125618,,,0.3125
2024-12-24 18:23:17.160615,,,0.3430805738534929
2024-12-24 18:23:17.196638,,,0.37685100933001775
2024-12-24 18:23:17.231014,,,0.3352001150192811
2024-12-24 18:23:17.270011,,,0.3615099584802147
2024-12-24 18:23:17.311059,,,0.3658822167188872
2024-12-24 18:23:17.346676,,,0.3828160325491372
2024-12-24 18:23:17.384680,,,0.3800037679349896
2024-12-24 18:23:17.420748,,,0.3692709443790243
2024-12-24 18:23:17.453931,,,0.36459157051941987
2024-12-24 18:23:17.490036,,,0.3256548809442884
2024-12-24 18:23:17.524824,,,0.3514808567468291
2024-12-24 18:23:17.559822,,,0.36459157051941987
2024-12-24 18:23:17.592018,,,0.3658822167188872
2024-12-24 18:23:17.624528,,,0.35354712748905487
2024-12-24 18:23:17.658528,,,0.36459157051941987
2024-12-24 18:23:17.691538,,,0.341535274294125
2024-12-24 18:23:17.725040,,,0.3403202785138921
2024-12-24 18:23:17.759041,,,0.3192545881587636
2024-12-24 18:23:17.794040,,,0.3403202785138921
2024-12-24 18:23:17.826364,,,0.3692709443790243
2024-12-24 18:23:17.860344,,,0.3505411658690841
2024-12-24 18:23:17.892343,,,0.3559771190495205
2024-12-24 18:23:17.923337,,,0.3547621232692877
2024-12-24 18:23:17.957353,,,0.3547621232692877
2024-12-24 18:23:17.989449,,,0.3547621232692877
2024-12-24 18:23:18.021055,,,0.3403202785138921
2024-12-24 18:23:18.053971,,,0.35354712748905487
2024-12-24 18:23:18.086961,,,0.35354712748905487
2024-12-24 18:23:18.121501,,,0.351756161649317
2024-12-24 18:23:18.154500,,,0.3559771190495205
2024-12-24 18:23:18.185574,,,0.351756161649317
2024-12-24 18:23:18.218517,,,0.3827364540866591
2024-12-24 18:23:18.251427,,,0.35164637986490277
2024-12-24 18:23:18.285522,,,0.32563977302602454
2024-12-24 18:23:18.317920,,,0.36459157051941987
2024-12-24 18:23:18.349936,,,0.341535274294125
2024-12-24 18:23:18.381942,,,0.37685100933001775
2024-12-24 18:23:18.414026,,,0.3658822167188872
2024-12-24 18:23:18.445834,,,0.3658822167188872
2024-12-24 18:23:18.479728,,,0.3547621232692877
2024-12-24 18:23:18.512837,,,0.3293648822764107
2024-12-24 18:23:18.547211,,,0.3788954958587477
2024-12-24 18:23:18.580828,,,0.34801087516204054
2024-12-24 18:23:18.612849,,,0.36021931228074744
2024-12-24 18:23:18.645894,,,0.36459157051941987
2024-12-24 18:23:18.677928,,,0.36459157051941987
2024-12-24 18:23:18.712033,,,0.36822763297692246
2024-12-24 18:23:18.745846,,,0.34770635278115747
2024-12-24 18:23:18.779733,,,0.34925051966961684
2024-12-24 18:23:18.812952,,,0.364845091208412
2024-12-24 18:23:18.847215,,,0.32014327734461756
2024-12-24 18:23:18.880085,,,0.3403202785138921
2024-12-24 18:23:18.914089,,,0.36330092431995265
2024-12-24 18:23:18.947487,,,0.3505411658690841
2024-12-24 18:23:18.981949,,,0.34062480089477526
2024-12-24 18:23:19.016156,,,0.35354712748905487
2024-12-24 18:23:19.049699,,,0.36459157051941987
2024-12-24 18:23:19.083677,,,0.3559771190495205
2024-12-24 18:23:19.116836,,,0.3658822167188872
2024-12-24 18:23:19.153902,,,0.3812944141344568
2024-12-24 18:23:19.189887,,,0.3658822167188872
2024-12-24 18:23:19.225004,,,0.36459157051941987
2024-12-24 18:23:19.261001,,,0.3658822167188872
2024-12-24 18:23:19.295987,,,0.3742697169310832
2024-12-24 18:23:19.330994,,,0.380186142058215
2024-12-24 18:23:19.365520,,,0.36459157051941987
2024-12-24 18:23:19.401487,,,0.36459157051941987
2024-12-24 18:23:19.436054,,,0.36330092431995265
2024-12-24 18:23:19.471054,,,0.36459157051941987
2024-12-24 18:23:19.507095,,,0.3658065662996527
2024-12-24 18:23:19.545132,,,0.34770635278115747
2024-12-24 18:23:19.581131,,,0.34925051966961684
2024-12-24 18:23:19.616136,,,0.36050344497965625
2024-12-24 18:23:19.651245,,,0.35867514539228806
2024-12-24 18:23:19.686244,,,0.39559833947378464
2024-12-24 18:23:19.721762,,,0.3928132407397137
2024-12-24 18:23:19.755765,,,0.36459157051941987
2024-12-24 18:23:19.790765,,,0.39226320674558735
2024-12-24 18:23:19.828283,,,0.3800037679349896
2024-12-24 18:23:19.863299,,,0.37592550466500885
2024-12-24 18:23:19.899282,,,0.3755603631305504
2024-12-24 18:23:19.933352,,,0.3755603631305504
2024-12-24 18:23:19.968370,,,0.4067495062081407
2024-12-24 18:23:20.002353,,,0.3898642884698783
2024-12-24 18:23:20.038933,,,0.3771045300190098
2024-12-24 18:23:20.076527,,,0.3755603631305504
2024-12-24 18:23:20.111921,,,0.39559833947378464
2024-12-24 18:23:20.148230,,,0.3909725605461201
2024-12-24 18:23:20.182683,,,0.3755603631305504
2024-12-24 18:23:20.217691,,,0.3949958928972569
2024-12-24 18:23:20.253203,,,0.38140113783844787
2024-12-24 18:23:20.288201,,,0.37927207600728746
2024-12-24 18:23:20.325745,,,0.39432024136605587
2024-12-24 18:23:20.360746,,,0.3695775670134719
2024-12-24 18:23:20.394746,,,0.3827364540866591
2024-12-24 18:23:20.430259,,,0.3680559485987915
2024-12-24 18:23:20.471256,,,0.3658065662996527
2024-12-24 18:23:20.507301,,,0.36488106163464384
2024-12-24 18:23:20.539911,,,0.3704859401592571
2024-12-24 18:23:20.572796,,,0.3682798092879472
2024-12-24 18:23:20.610003,,,0.3692709443790243
2024-12-24 18:23:20.644896,,,0.3547621232692877
2024-12-24 18:23:20.678768,,,0.353851649869938
2024-12-24 18:23:20.711876,,,0.3830409764675422
2024-12-24 18:23:20.745292,,,0.37463485846554156
2024-12-24 18:23:20.783297,,,0.40582400154313186
2024-12-24 18:23:20.817490,,,0.3839514498668919
2024-12-24 18:23:20.852003,,,0.40736043456039805
2024-12-24 18:23:20.885002,,,0.39263086661648816
2024-12-24 18:23:20.918030,,,0.38169314268455723
2024-12-24 18:23:20.951540,,,0.36701263719668964
2024-12-24 18:23:20.983651,,,0.3909725605461201
2024-12-24 18:23:21.015545,,,0.37139547074306023
2024-12-24 18:23:21.049324,,,0.39559833947378464
2024-12-24 18:23:21.083324,,,0.379196425588053
2024-12-24 18:23:21.118554,,,0.3827364540866591
2024-12-24 18:23:21.151538,,,0.37721615086447613
2024-12-24 18:23:21.183553,,,0.3839514498668919
2024-12-24 18:23:21.217676,,,0.37685100933001775
2024-12-24 18:23:21.249331,,,0.3547621232692877
2024-12-24 18:23:21.282231,,,0.380186142058215
2024-12-24 18:23:21.315235,,,0.3694426287571553
2024-12-24 18:23:21.348027,,,0.3827364540866591
2024-12-24 18:23:21.382119,,,0.3741281568947298
2024-12-24 18:23:21.415018,,,0.3968133352540175
2024-12-24 18:23:21.450590,,,0.3704859401592571
2024-12-24 18:23:21.484195,,,0.3645159201001854
2024-12-24 18:23:21.516609,,,0.2965707153879513
2024-12-24 18:23:21.551529,,,0.2746677736784914
2024-12-24 18:23:21.586529,,,0.3238899117140705
2024-12-24 18:23:21.619532,,,0.3125
2024-12-24 18:23:21.652345,,,0.3047649928469527
2024-12-24 18:23:21.684261,,,0.3321722799145604
2024-12-24 18:23:21.718559,,,0.3619613290718193
2024-12-24 18:23:21.751233,,,0.36709721249912
2024-12-24 18:23:21.784534,,,0.36709721249912
2024-12-24 18:23:21.818537,,,0.36709721249912
2024-12-24 18:23:21.851028,,,0.3742697169310832
2024-12-24 18:23:21.883112,,,0.38030829031587265
2024-12-24 18:23:21.916775,,,0.3909725605461201
2024-12-24 18:23:21.949511,,,0.3658065662996527
2024-12-24 18:23:21.983719,,,0.3825094099146896
2024-12-24 18:23:22.017187,,,0.3825094099146896
2024-12-24 18:23:22.050726,,,0.3909725605461201
2024-12-24 18:23:22.085684,,,0.3800037679349896
2024-12-24 18:23:22.119093,,,0.40656713208491524
2024-12-24 18:23:22.153886,,,0.3825094099146896
2024-12-24 18:23:22.185800,,,0.3825094099146896
2024-12-24 18:23:22.220790,,,0.38290813846479005
2024-12-24 18:23:22.252645,,,0.38809831435809716
2024-12-24 18:23:22.284646,,,0.38699004228185535
2024-12-24 18:23:22.317665,,,0.3839514498668919
2024-12-24 18:23:22.349209,,,0.39226320674558735
2024-12-24 18:23:22.383227,,,0.3636054467008357
2024-12-24 18:23:22.417302,,,0.3937052466977896
2024-12-24 18:23:22.448822,,,0.353851649869938
2024-12-24 18:23:22.481722,,,0.37592550466500885
2024-12-24 18:23:22.513742,,,0.3673425364426463
2024-12-24 18:23:22.545408,,,0.37592550466500885
2024-12-24 18:23:22.578301,,,0.3742697169310832
2024-12-24 18:23:22.611304,,,0.3645159201001854
2024-12-24 18:23:22.644817,,,0.3768510093300177
2024-12-24 18:23:22.678816,,,0.3755603631305504
2024-12-24 18:23:22.711831,,,0.3645159201001854
2024-12-24 18:23:22.746397,,,0.3772186692009185
2024-12-24 18:23:22.782398,,,0.3661131889341003
2024-12-24 18:23:22.816422,,,0.37927207600728746
2024-12-24 18:23:22.848034,,,0.37592550466500885
2024-12-24 18:23:22.880940,,,0.36330092431995265
2024-12-24 18:23:22.917203,,,0.36960264710325375
2024-12-24 18:23:22.950703,,,0.364896092900303
2024-12-24 18:23:22.985703,,,0.36330092431995265
2024-12-24 18:23:23.019756,,,0.364896092900303
2024-12-24 18:23:23.054213,,,0.3685321553578056
2024-12-24 18:23:23.087215,,,0.37592550466500885
2024-12-24 18:23:23.121243,,,0.37592550466500885
2024-12-24 18:23:23.155221,,,0.3547621232692877
2024-12-24 18:23:23.191013,,,0.3526366540897051
2024-12-24 18:23:23.225557,,,0.3658065662996527
2024-12-24 18:23:23.259556,,,0.3742697169310832
2024-12-24 18:23:23.291560,,,0.3685575322228791
2024-12-24 18:23:23.326075,,,0.37592550466500885
2024-12-24 18:23:23.360075,,,0.39630481886828106
2024-12-24 18:23:23.395078,,,0.3670215620798855
2024-12-24 18:23:23.430597,,,0.3772186692009185
2024-12-24 18:23:23.469610,,,0.362800604679682
2024-12-24 18:23:23.510605,,,0.36709721249912
2024-12-24 18:23:23.547951,,,0.36021931228074744
2024-12-24 18:23:23.590953,,,0.36709721249912
2024-12-24 18:23:23.628461,,,0.35020055614677625
2024-12-24 18:23:23.666464,,,0.38159893651533994
2024-12-24 18:23:23.706592,,,0.36488106163464384
2024-12-24 18:23:23.744111,,,0.3685575322228791
2024-12-24 18:23:23.782110,,,0.3685321553578056
2024-12-24 18:23:23.823618,,,0.3935538529450546
2024-12-24 18:23:23.863626,,,0.3685321553578056
2024-12-24 18:23:23.899624,,,0.38408428786964405
2024-12-24 18:23:23.937138,,,0.37721615086447613
2024-12-24 18:23:23.973140,,,0.37721615086447613
2024-12-24 18:23:24.017145,,,0.364896092900303
2024-12-24 18:23:24.065663,,,0.3785093154003858
2024-12-24 18:23:24.101662,,,0.353851649869938
2024-12-24 18:23:24.137219,,,0.37592550466500885
2024-12-24 18:23:24.172219,,,0.36488106163464384
2024-12-24 18:23:24.212257,,,0.364896092900303
2024-12-24 18:23:24.248751,,,0.3959028618546678
2024-12-24 18:23:24.285734,,,0.3661131889341003
2024-12-24 18:23:24.321739,,,0.3658822167188872
2024-12-24 18:23:24.361938,,,0.37920001823963084
2024-12-24 18:23:24.398687,,,0.364896092900303
2024-12-24 18:23:24.432731,,,0.364896092900303
2024-12-24 18:23:24.468709,,,0.38030829031587265
2024-12-24 18:23:24.503710,,,0.38030829031587265
2024-12-24 18:23:24.537442,,,0.364896092900303
2024-12-24 18:23:24.572444,,,0.37592550466500885
2024-12-24 18:23:24.607445,,,0.25168009771063704
2024-12-24 18:23:24.642980,,,0.2809457153879513
2024-12-24 18:23:24.676980,,,0.304460708234904
2024-12-24 18:23:24.709990,,,0.2966011438491562
2024-12-24 18:23:24.749873,,,0.2965707153879513
2024-12-24 18:23:24.783873,,,0.313435597664362
2024-12-24 18:23:24.819880,,,0.3140471798998873
2024-12-24 18:23:24.854485,,,0.313435597664362
2024-12-24 18:23:24.889457,,,0.34338485846554156
2024-12-24 18:23:24.926971,,,0.3755603631305504
2024-12-24 18:23:24.962969,,,0.337930771736764
2024-12-24 18:23:25.000971,,,0.3742697169310832
2024-12-24 18:23:25.038486,,,0.3645159201001854
2024-12-24 18:23:25.075487,,,0.3384827465509897
2024-12-24 18:23:25.111493,,,0.33548432819442064
2024-12-24 18:23:25.145759,,,0.33419368199495336
2024-12-24 18:23:25.183160,,,0.34889956434789454
2024-12-24 18:23:25.218180,,,0.3547621232692877
2024-12-24 18:23:25.250718,,,0.3514808567468291
2024-12-24 18:23:25.282993,,,0.3661867390997703
2024-12-24 18:23:25.313997,,,0.3636054467008357
2024-12-24 18:23:25.347489,,,0.35269795278062643
2024-12-24 18:23:25.381537,,,0.3514808567468291
2024-12-24 18:23:25.414913,,,0.37463485846554156
2024-12-24 18:23:25.448307,,,0.37463485846554156
2024-12-24 18:23:25.482324,,,0.364896092900303
2024-12-24 18:23:25.515317,,,0.36822763297692246
2024-12-24 18:23:25.548824,,,0.35354712748905487
2024-12-24 18:23:25.581838,,,0.39022943000433674
2024-12-24 18:23:25.615831,,,0.37956156712251143
2024-12-24 18:23:25.647500,,,0.3661742261705535
2024-12-24 18:23:25.680502,,,0.37721615086447613
2024-12-24 18:23:25.716505,,,0.3926283482800458
2024-12-24 18:23:25.751056,,,0.3685321553578056
2024-12-24 18:23:25.790020,,,0.37592550466500885
2024-12-24 18:23:25.825008,,,0.37721615086447613
2024-12-24 18:23:25.861034,,,0.391520076203804
2024-12-24 18:23:25.896032,,,0.36488106163464384
2024-12-24 18:23:25.929184,,,0.35867514539228806
2024-12-24 18:23:25.961183,,,0.36609605741487666
2024-12-24 18:23:25.994183,,,0.34801087516204054
2024-12-24 18:23:26.027808,,,0.3603309331262137
2024-12-24 18:23:26.060752,,,0.3785093154003858
2024-12-24 18:23:26.094701,,,0.36159115086447613
2024-12-24 18:23:26.129251,,,0.2754011861600824
2024-12-24 18:23:26.164252,,,0.26025685873360926
2024-12-24 18:23:26.197251,,,0.2766763517958838
2024-12-24 18:23:26.233496,,,0.2978410261255669
2024-12-24 18:23:26.267479,,,0.296875
2024-12-24 18:23:26.300480,,,0.3121957153879513
2024-12-24 18:23:26.334048,,,0.33311092541322446
2024-12-24 18:23:26.368075,,,0.34341528692674644
2024-12-24 18:23:26.402137,,,0.34338485846554156
2024-12-24 18:23:26.435758,,,0.33393991334421746
2024-12-24 18:23:26.469772,,,0.35019021054736177
2024-12-24 18:23:26.504869,,,0.36125643779122263
2024-12-24 18:23:26.539412,,,0.36609605741487666
2024-12-24 18:23:26.577397,,,0.32040421265948116
2024-12-24 18:23:26.610399,,,0.34596615086447613
2024-12-24 18:23:26.642077,,,0.34625010001467316
2024-12-24 18:23:26.675085,,,0.37685100933001775
2024-12-24 18:23:26.708080,,,0.3639706310125806
2024-12-24 18:23:26.742604,,,0.34338485846554156
2024-12-24 18:23:26.775606,,,0.37592802300145123
2024-12-24 18:23:26.809608,,,0.36489613567758944
2024-12-24 18:23:26.847023,,,0.36488106163464384
2024-12-24 18:23:26.889006,,,0.3661742261705535
2024-12-24 18:23:26.932547,,,0.3645159201001854
2024-12-24 18:23:26.966547,,,0.35354712748905487
2024-12-24 18:23:26.998549,,,0.3785093154003858
2024-12-24 18:23:27.032062,,,0.35354712748905487
2024-12-24 18:23:27.064949,,,0.35900985846554156
2024-12-24 18:23:27.098950,,,0.3638058686790407
2024-12-24 18:23:27.131483,,,0.3658822167188872
2024-12-24 18:23:27.163485,,,0.36159115086447613
2024-12-24 18:23:27.196486,,,0.378879493607729
2024-12-24 18:23:27.230747,,,0.3645159201001854
2024-12-24 18:23:27.262832,,,0.3770439636686893
2024-12-24 18:23:27.295835,,,0.3645159201001854
2024-12-24 18:23:27.328846,,,0.3755603631305504
2024-12-24 18:23:27.361989,,,0.3628843154003858
2024-12-24 18:23:27.394214,,,0.37721615086447613
2024-12-24 18:23:27.426723,,,0.3661867390997703
2024-12-24 18:23:27.461732,,,0.35293702606437005
2024-12-24 18:23:27.496994,,,0.3514808567468291
2024-12-24 18:23:27.531442,,,0.3661742261705535
2024-12-24 18:23:27.568547,,,0.3628843154003858
2024-12-24 18:23:27.601440,,,0.34596615086447613
2024-12-24 18:23:27.635120,,,0.33823114371142887
2024-12-24 18:23:27.667223,,,0.37592550466500885
2024-12-24 18:23:27.701119,,,0.36488106163464384
2024-12-24 18:23:27.736810,,,0.3673892219507863
2024-12-24 18:23:27.769814,,,0.3514808567468291
2024-12-24 18:23:27.801812,,,0.35354712748905487
2024-12-24 18:23:27.836500,,,0.39583430852894996
2024-12-24 18:23:27.868485,,,0.36977252800311194
2024-12-24 18:23:27.901597,,,0.35019021054736177
2024-12-24 18:23:27.935139,,,0.3941343154003858
2024-12-24 18:23:27.967229,,,0.35164637986490277
2024-12-24 18:23:27.999231,,,0.37829651281595544
2024-12-24 18:23:28.030861,,,0.37685100933001775
2024-12-24 18:23:28.063862,2024-12-24 18:23:28.167288,0.103426,0.290823215609744
2024-12-24 18:23:28.167288,,,0.290823215609744
2024-12-24 18:23:28.202528,,,0.2984221798998873
2024-12-24 18:23:28.238048,,,0.313435597664362
2024-12-24 18:23:28.274060,,,0.33088464672652096
2024-12-24 18:23:28.312050,,,0.36030050466500885
2024-12-24 18:23:28.352576,,,0.3631383307643634
2024-12-24 18:23:28.387570,,,0.36159115086447613
2024-12-24 18:23:28.422582,,,0.3658822167188872
2024-12-24 18:23:28.461093,,,0.3514808567468291
2024-12-24 18:23:28.501092,,,0.3941343154003858
2024-12-24 18:23:28.537637,,,0.35900985846554156
2024-12-24 18:23:28.575644,,,0.35900985846554156
2024-12-24 18:23:28.612639,,,0.3755603631305504
2024-12-24 18:23:28.650162,,,0.378141655529485
2024-12-24 18:23:28.690178,,,0.37685100933001775
2024-12-24 18:23:28.724746,,,0.37920001823963084
2024-12-24 18:23:28.767272,,,0.35506664565017076
2024-12-24 18:23:28.802266,,,0.37592550466500885
2024-12-24 18:23:28.837785,,,0.3423021018838127
2024-12-24 18:23:28.871785,,,0.3579271018838127
2024-12-24 18:23:28.908784,,,0.3579271018838127
2024-12-24 18:23:28.952371,,,0.36159115086447613
2024-12-24 18:23:28.989368,,,0.34036076329722964
2024-12-24 18:23:29.023370,,,0.36030050466500885
2024-12-24 18:23:29.058888,,,0.3514808567468291
2024-12-24 18:23:29.093888,,,0.36055703836542885
2024-12-24 18:23:29.130432,,,0.34622268456489613
2024-12-24 18:23:29.170453,,,0.34467550466500885
2024-12-24 18:23:29.206436,,,0.35900985846554156
2024-12-24 18:23:29.245953,,,0.35900985846554156
2024-12-24 18:23:29.283956,,,0.37463485846554156
2024-12-24 18:23:29.317958,,,0.3520182373147639
2024-12-24 18:23:29.351503,,,0.35047105741487666
2024-12-24 18:23:29.386505,,,0.35019021054736177
2024-12-24 18:23:29.421533,,,0.3579271018838127
2024-12-24 18:23:29.458028,,,0.36050344497965625
2024-12-24 18:23:29.493035,,,0.35900985846554156
2024-12-24 18:23:29.528543,,,0.35900985846554156
2024-12-24 18:23:29.563555,,,0.35867514539228806
2024-12-24 18:23:29.595554,,,0.36159115086447613
2024-12-24 18:23:29.631142,,,0.36159115086447613
2024-12-24 18:23:29.667127,,,0.37264342980485443
2024-12-24 18:23:29.701236,,,0.3495543906740654
2024-12-24 18:23:29.735656,,,0.36159115086447613
2024-12-24 18:23:29.770665,,,0.34467550466500885
2024-12-24 18:23:29.804657,,,0.35900985846554156
2024-12-24 18:23:29.838190,,,0.34889956434789454
2024-12-24 18:23:29.872208,,,0.37592550466500885
2024-12-24 18:23:29.906215,,,0.35900985846554156
2024-12-24 18:23:29.944746,,,0.35900985846554156
2024-12-24 18:23:29.981745,,,0.34889956434789454
2024-12-24 18:23:30.015754,,,0.34338485846554156
2024-12-24 18:23:30.050289,,,0.34889956434789454
2024-12-24 18:23:30.085269,,,0.36030302300145123
2024-12-24 18:23:30.121277,,,0.35900985846554156
2024-12-24 18:23:30.161794,,,0.3636054467008357
2024-12-24 18:23:30.201116,,,0.35900985846554156
2024-12-24 18:23:30.235072,,,0.34467550466500885
2024-12-24 18:23:30.276090,,,0.37463485846554156
2024-12-24 18:23:30.316078,,,0.34889956434789454
2024-12-24 18:23:30.354599,,,0.36030302300145123
2024-12-24 18:23:30.391601,,,0.33914576751699677
2024-12-24 18:23:30.425609,,,0.34889956434789454
2024-12-24 18:23:30.459120,,,0.3636054467008357
2024-12-24 18:23:30.494145,,,0.34889956434789454
2024-12-24 18:23:30.530682,,,0.35020055614677625
2024-12-24 18:23:30.573688,,,0.37463485846554156
2024-12-24 18:23:30.616709,,,0.3742697169310832
2024-12-24 18:23:30.661218,,,0.37592550466500885
2024-12-24 18:23:30.716220,,,0.36187510001467316
2024-12-24 18:23:30.753795,,,0.35354712748905487
2024-12-24 18:23:30.787882,,,0.3498354146123178
2024-12-24 18:23:30.820885,,,0.36187510001467316
2024-12-24 18:23:30.854306,,,0.3259189185418341
2024-12-24 18:23:30.890292,,,0.35904028692674644
2024-12-24 18:23:30.923300,,,0.34625010001467316
2024-12-24 18:23:30.955845,,,0.3278207153879513
2024-12-24 18:23:30.989850,,,0.3293344538152058
2024-12-24 18:23:31.020898,,,0.3269184182365106
2024-12-24 18:23:31.054431,,,0.3200552797736992
2024-12-24 18:23:31.086437,,,0.3673892219507863
2024-12-24 18:23:31.119489,,,0.3447084514626561
2024-12-24 18:23:31.153107,,,0.3447059331262137
2024-12-24 18:23:31.186108,,,0.36187510001467316
2024-12-24 18:23:31.220142,,,0.37611845900368046
2024-12-24 18:23:31.256689,,,0.33602921265948116
2024-12-24 18:23:31.291666,,,0.36030050466500885
2024-12-24 18:23:31.329331,,,0.32386761672523634
2024-12-24 18:23:31.361452,,,0.32081895033467095
2024-12-24 18:23:31.394363,,,0.33062510001467316
2024-12-24 18:23:31.427354,,,0.36159115086447613
2024-12-24 18:23:31.460841,,,0.3661867390997703
2024-12-24 18:23:31.492841,,,0.34596615086447613
2024-12-24 18:23:31.525950,,,0.3394440965564184
2024-12-24 18:23:31.561048,,,0.35047105741487666
2024-12-24 18:23:31.593822,,,0.3348142168792483
2024-12-24 18:23:31.625850,,,0.34493203836542885
2024-12-24 18:23:31.658471,,,0.34625010001467316
2024-12-24 18:23:31.691362,,,0.36030050466500885
2024-12-24 18:23:31.725375,,,0.36125643779122263
2024-12-24 18:23:31.761924,,,0.3514808567468291
2024-12-24 18:23:31.797923,,,0.33914576751699677
2024-12-24 18:23:31.830422,,,0.37721615086447613
2024-12-24 18:23:31.864431,,,0.36030302300145123
2024-12-24 18:23:31.897469,,,0.3514808567468291
2024-12-24 18:23:31.932982,,,0.35900985846554156
2024-12-24 18:23:31.967120,,,0.32779028692674644
2024-12-24 18:23:32.000505,2024-12-24 18:23:32.101253,0.100748,0.30664867015859104
2024-12-24 18:23:32.101253,,,0.30664867015859104
2024-12-24 18:23:32.136958,,,0.276923525400276
2024-12-24 18:23:32.170204,,,0.32779028692674644
2024-12-24 18:23:32.205203,,,0.3152840491648701
2024-12-24 18:23:32.238354,,,0.3152840491648701
2024-12-24 18:23:32.270353,,,0.33062510001467316
2024-12-24 18:23:32.304660,,,0.3183784089646446
2024-12-24 18:23:32.337276,,,0.3293374668266337
2024-12-24 18:23:32.370401,,,0.3185991104561582
2024-12-24 18:23:32.404704,,,0.35900985846554156
2024-12-24 18:23:32.436512,,,0.35900985846554156
2024-12-24 18:23:32.468388,,,0.34889956434789454
2024-12-24 18:23:32.503667,,,0.34889956434789454
2024-12-24 18:23:32.538934,,,0.36055703836542885
2024-12-24 18:23:32.576006,,,0.3631383307643634
2024-12-24 18:23:32.613406,,,0.37685100933001775
2024-12-24 18:23:32.649934,,,0.35628374168396815
2024-12-24 18:23:32.685933,,,0.35047105741487666
2024-12-24 18:23:32.720939,,,0.37463485846554156
2024-12-24 18:23:32.756975,,,0.38713485846554163
2024-12-24 18:23:32.793959,,,0.37721615086447613
2024-12-24 18:23:32.835168,,,0.3898096723832625
2024-12-24 18:23:32.874151,,,0.34889956434789454
2024-12-24 18:23:32.909149,,,0.36609605741487666
2024-12-24 18:23:32.945659,,,0.36159115086447613
2024-12-24 18:23:32.980632,,,0.36049345900368046
2024-12-24 18:23:33.016631,,,0.364896092900303
2024-12-24 18:23:33.052586,,,0.37592550466500885
2024-12-24 18:23:33.088585,,,0.3475133307643634
2024-12-24 18:23:33.125592,,,0.35084755520997507
2024-12-24 18:23:33.164477,,,0.36030302300145123
2024-12-24 18:23:33.204024,,,0.3638058686790407
2024-12-24 18:23:33.242998,,,0.35019021054736177
2024-12-24 18:23:33.279000,,,0.35900985846554156
2024-12-24 18:23:33.314023,,,0.36030302300145123
2024-12-24 18:23:33.349509,,,0.37463485846554156
2024-12-24 18:23:33.384510,,,0.35019021054736177
2024-12-24 18:23:33.418557,,,0.3628843154003858
2024-12-24 18:23:33.452099,,,0.3477972799145604
2024-12-24 18:23:33.487111,,,0.36159115086447613
2024-12-24 18:23:33.522939,,,0.34036286355079415
2024-12-24 18:23:33.558477,,,0.34925606163464384
2024-12-24 18:23:33.594460,,,0.36488106163464384
2024-12-24 18:23:33.629464,,,0.34925606163464384
2024-12-24 18:23:33.666001,,,0.35900985846554156
2024-12-24 18:23:33.703858,,,0.3742697169310832
2024-12-24 18:23:33.740967,,,0.3742697169310832
2024-12-24 18:23:33.777965,,,0.3742697169310832
2024-12-24 18:23:33.812967,,,0.36488106163464384
2024-12-24 18:23:33.848482,,,0.35900985846554156
2024-12-24 18:23:33.885480,,,0.3742697169310832
2024-12-24 18:23:33.920532,,,0.36488106163464384
2024-12-24 18:23:33.955092,,,0.37463485846554156
2024-12-24 18:23:33.987076,,,0.37463485846554156
2024-12-24 18:23:34.020641,,,0.37463485846554156
2024-12-24 18:23:34.053303,,,0.37463485846554156
2024-12-24 18:23:34.086303,,,0.3526366540897051
2024-12-24 18:23:34.119435,,,0.36330092431995265
2024-12-24 18:23:34.152941,,,0.36330092431995265
2024-12-24 18:23:34.184940,,,0.3788954958587477
2024-12-24 18:23:34.219094,,,0.3636054467008357
2024-12-24 18:23:34.253611,,,0.34341528692674644
2024-12-24 18:23:34.284600,,,0.3800037679349896
2024-12-24 18:23:34.322615,,,0.364896092900303
2024-12-24 18:23:34.356233,,,0.38030829031587265
2024-12-24 18:23:34.391231,,,0.3800037679349896
2024-12-24 18:23:34.424338,,,0.3800037679349896
2024-12-24 18:23:34.457126,,,0.3742697169310832
2024-12-24 18:23:34.488409,,,0.3645159201001854
2024-12-24 18:23:34.521995,,,0.37447013890928815
2024-12-24 18:23:34.555616,,,0.364896092900303
2024-12-24 18:23:34.586603,,,0.3742697169310832
2024-12-24 18:23:34.620103,,,0.3911549346693456
2024-12-24 18:23:34.651925,,,0.37463485846554156
2024-12-24 18:23:34.685345,,,0.3638058686790407
2024-12-24 18:23:34.718756,,,0.364896092900303
2024-12-24 18:23:34.752779,,,0.3658822167188872
2024-12-24 18:23:34.790891,,,0.37463485846554156
2024-12-24 18:23:34.823940,,,0.3639706310125806
2024-12-24 18:23:34.858604,,,0.36030050466500885
2024-12-24 18:23:34.894499,,,0.364896092900303
2024-12-24 18:23:34.929129,,,0.3742697169310832
2024-12-24 18:23:34.964643,,,0.36488106163464384
2024-12-24 18:23:35.002643,,,0.37611845900368046
2024-12-24 18:23:35.038219,,,0.3657309158804183
2024-12-24 18:23:35.071417,,,0.36488106163464384
2024-12-24 18:23:35.106327,,,0.37611845900368046
2024-12-24 18:23:35.138749,,,0.35628374168396815
2024-12-24 18:23:35.171756,,,0.3541499789093595
2024-12-24 18:23:35.204765,,,0.37612844497965625
2024-12-24 18:23:35.239271,,,0.3748352804437466
2024-12-24 18:23:35.271464,,,0.37592550466500885
2024-12-24 18:23:35.305465,,,0.365022964712838
2024-12-24 18:23:35.340015,,,0.3541499789093595
2024-12-24 18:23:35.372001,,,0.38713485846554163
2024-12-24 18:23:35.405450,,,0.3785093154003858
2024-12-24 18:23:35.438626,,,0.3661867390997703
2024-12-24 18:23:35.472625,,,0.3638058686790407
2024-12-24 18:23:35.509016,,,0.3661867390997703
2024-12-24 18:23:35.545521,,,0.3636054467008357
2024-12-24 18:23:35.585625,,,0.35019021054736177
2024-12-24 18:23:35.620520,,,0.36508904723897456
2024-12-24 18:23:35.653933,,,0.37154028692674645
2024-12-24 18:23:35.685933,,,0.37721615086447613
2024-12-24 18:23:35.719948,,,0.36482254273463305
2024-12-24 18:23:35.763588,,,0.3772186692009185
2024-12-24 18:23:35.799585,,,0.37721615086447613
2024-12-24 18:23:35.834804,,,0.364896092900303
2024-12-24 18:23:35.868131,,,0.3785093154003858
2024-12-24 18:23:35.906133,,,0.3661867390997703
2024-12-24 18:23:35.947590,,,0.36125643779122263
2024-12-24 18:23:35.980590,,,0.37721615086447613
2024-12-24 18:23:36.013608,,,0.35506664565017076
2024-12-24 18:23:36.046167,,,0.37721615086447613
2024-12-24 18:23:36.079166,,,0.37721615086447613
2024-12-24 18:23:36.112269,,,0.36609605741487666
2024-12-24 18:23:36.143848,,,0.3774116235395901
2024-12-24 18:23:36.187857,,,0.37611845900368046
2024-12-24 18:23:36.222847,,,0.36609605741487666
2024-12-24 18:23:36.257403,,,0.3774116235395901
2024-12-24 18:23:36.291506,,,0.3617866235395901
2024-12-24 18:23:36.325516,,,0.36030050466500885
2024-12-24 18:23:36.358930,,,0.378141655529485
2024-12-24 18:23:36.393915,,,0.3774116235395901
2024-12-24 18:23:36.427943,,,0.36508904723897456
2024-12-24 18:23:36.462449,,,0.3651793906740654
2024-12-24 18:23:36.501466,,,0.3748352804437466
2024-12-24 18:23:36.541012,,,0.37447013890928815
2024-12-24 18:23:36.578019,,,0.37592550466500885
2024-12-24 18:23:36.614997,,,0.364814249139607
2024-12-24 18:23:36.651508,,,0.37592550466500885
2024-12-24 18:23:36.687510,,,0.36030050466500885
2024-12-24 18:23:36.722536,,,0.37721615086447613
2024-12-24 18:23:36.759213,,,0.3639706310125806
2024-12-24 18:23:36.796211,,,0.37612844497965625
2024-12-24 18:23:36.831219,,,0.33062510001467316
2024-12-24 18:23:36.868763,2024-12-24 18:23:36.942762,0.073999,0.2597143728434317
2024-12-24 18:23:36.942762,,,0.2597143728434317
2024-12-24 18:23:36.980761,,,0.3137398822764107
2024-12-24 18:23:37.018691,,,0.2825203107376156
2024-12-24 18:23:37.055789,,,0.33062510001467316
2024-12-24 18:23:37.092789,,,0.3059623679040856
2024-12-24 18:23:37.128796,,,0.3452411710060497
2024-12-24 18:23:37.164302,,,0.34925606163464384
2024-12-24 18:23:37.203305,,,0.35047105741487666
2024-12-24 18:23:37.239817,,,0.36049345900368046
2024-12-24 18:23:37.274820,,,0.36049345900368046
2024-12-24 18:23:37.313819,,,0.37611845900368046
2024-12-24 18:23:37.355345,,,0.36159115086447613
2024-12-24 18:23:37.402346,,,0.37721615086447613
2024-12-24 18:23:37.442508,,,0.3741846723832625
2024-12-24 18:23:37.478511,,,0.38050606163464384
2024-12-24 18:23:37.515505,,,0.36526379554849026
2024-12-24 18:23:37.549543,,,0.3774216095155659
2024-12-24 18:23:37.589546,,,0.37840498377205134
2024-12-24 18:23:37.631575,,,0.37611845900368046
2024-12-24 18:23:37.666083,,,0.3452411710060497
2024-12-24 18:23:37.702083,,,0.36049345900368046
2024-12-24 18:23:37.741493,,,0.3394440965564184
2024-12-24 18:23:37.776492,,,0.3639706310125806
2024-12-24 18:23:37.818490,,,0.3495543906740654
2024-12-24 18:23:37.855662,,,0.3774116235395901
2024-12-24 18:23:37.890663,,,0.36647255520997507
2024-12-24 18:23:37.928669,,,0.3638058686790407
2024-12-24 18:23:37.966217,,,0.39876968166161686
2024-12-24 18:23:38.002216,,,0.35947428178369994
2024-12-24 18:23:38.040754,,,0.390158303355285
2024-12-24 18:23:38.075588,,,0.3490999863260995
2024-12-24 18:23:38.111507,,,0.3323124659425146
2024-12-24 18:23:38.148028,,,0.3800037679349896
2024-12-24 18:23:38.187043,,,0.3579271018838127
2024-12-24 18:23:38.224312,,,0.3333049928090994
2024-12-24 18:23:38.258729,,,0.3338476983284688
2024-12-24 18:23:38.295227,,,0.36724185281291627
2024-12-24 18:23:38.336550,,,0.3439579924461158
2024-12-24 18:23:38.373954,,,0.353851649869938
2024-12-24 18:23:38.408957,,,0.3788954958587477
2024-12-24 18:23:38.442580,,,0.3638058686790407
2024-12-24 18:23:38.478580,,,0.364896092900303
2024-12-24 18:23:38.513691,,,0.37576078510875544
2024-12-24 18:23:38.547211,,,0.3579271018838127
2024-12-24 18:23:38.580871,,,0.314363883008419
2024-12-24 18:23:38.613259,,,0.36049345900368046
2024-12-24 18:23:38.654963,,,0.3685843316688303
2024-12-24 18:23:38.688069,,,0.35165421265948116
2024-12-24 18:23:38.722070,,,0.3657309158804183
2024-12-24 18:23:38.755426,,,0.2929441963261192
2024-12-24 18:23:38.788475,2024-12-24 18:23:38.887424,0.098949,0.30171498977999056
2024-12-24 18:23:38.887424,,,0.30171498977999056
2024-12-24 18:23:38.920496,,,0.2923399897799906
2024-12-24 18:23:38.959496,,,0.33820695359341313
2024-12-24 18:23:38.991495,,,0.3121957153879513
2024-12-24 18:23:39.025501,,,0.34625010001467316
2024-12-24 18:23:39.057021,,,0.3592102804437466
2024-12-24 18:23:39.091021,,,0.3579271018838127
2024-12-24 18:23:39.123007,,,0.37611845900368046
2024-12-24 18:23:39.156531,,,0.36049345900368046
2024-12-24 18:23:39.189549,,,0.37611845900368046
2024-12-24 18:23:39.221531,,,0.364814249139607
2024-12-24 18:23:39.261780,,,0.37611845900368046
2024-12-24 18:23:39.295883,,,0.36609605741487666
2024-12-24 18:23:39.329289,,,0.35354712748905487
2024-12-24 18:23:39.362772,,,0.37611845900368046
2024-12-24 18:23:39.394888,,,0.364896092900303
2024-12-24 18:23:39.429915,,,0.37592550466500885
2024-12-24 18:23:39.466633,,,0.3731869603493543
2024-12-24 18:23:39.501620,,,0.3735521018838127
2024-12-24 18:23:39.537633,,,0.3770439636686893
2024-12-24 18:23:39.571253,,,0.378141655529485
2024-12-24 18:23:39.603252,,,0.37685100933001775
2024-12-24 18:23:39.638881,,,0.37685100933001775
2024-12-24 18:23:39.672903,,,0.37721615086447613
2024-12-24 18:23:39.705903,,,0.37721615086447613
2024-12-24 18:23:39.738905,,,0.375753317469222
2024-12-24 18:23:39.770911,,,0.36489613567758944
2024-12-24 18:23:39.806012,,,0.3856091334551345
2024-12-24 18:23:39.840519,,,0.368979380824191
2024-12-24 18:23:39.873628,,,0.3189275173041016
2024-12-24 18:23:39.906519,,,0.2583333333333333
2024-12-24 18:23:39.939461,2024-12-24 18:23:39.971564,0.032103,0.25192352540027596
2024-12-24 18:23:39.971564,,,0.25192352540027596
2024-12-24 18:23:40.005483,,,0.2965707153879513
2024-12-24 18:23:40.037490,,,0.33062510001467316
2024-12-24 18:23:40.068948,,,0.3152840491648701
2024-12-24 18:23:40.102948,,,0.34596615086447613
2024-12-24 18:23:40.136085,,,0.3785093154003858
2024-12-24 18:23:40.169906,,,0.362800604679682
2024-12-24 18:23:40.204018,,,0.362800604679682
2024-12-24 18:23:40.239273,,,0.33251252433568423
2024-12-24 18:23:40.271758,,,0.362800604679682
2024-12-24 18:23:40.305759,,,0.3657309158804183
2024-12-24 18:23:40.339104,,,0.3768510093300177
2024-12-24 18:23:40.371345,,,0.36610489533907425
2024-12-24 18:23:40.404750,,,0.3645159201001854
2024-12-24 18:23:40.438692,,,0.3803153874093893
2024-12-24 18:23:40.469246,,,0.379196425588053
2024-12-24 18:23:40.509451,,,0.3645159201001854
2024-12-24 18:23:40.545362,,,0.3680559485987915
2024-12-24 18:23:40.583375,,,0.3926283482800458
2024-12-24 18:23:40.618469,,,0.3714384578118902
2024-12-24 18:23:40.652897,,,0.36489613567758944
2024-12-24 18:23:40.686975,,,0.3898642884698783
2024-12-24 18:23:40.725908,,,0.39022943000433674
2024-12-24 18:23:40.764664,,,0.3898642884698783
2024-12-24 18:23:40.800749,,,0.39559833947378464
2024-12-24 18:23:40.834863,,,0.3898642884698783
2024-12-24 18:23:40.868270,,,0.36709721249912
2024-12-24 18:23:40.901389,,,0.34338485846554156
2024-12-24 18:23:40.934378,2024-12-24 18:23:41.033895,0.099517,0.3140471798998873
2024-12-24 18:23:41.033895,,,0.3140471798998873
2024-12-24 18:23:41.067500,,,0.313435597664362
2024-12-24 18:23:41.100463,,,0.37109731849806826
2024-12-24 18:23:41.135493,,,0.3755603631305504
2024-12-24 18:23:41.169015,,,0.3742697169310832
2024-12-24 18:23:41.202085,,,0.35580703157132176
2024-12-24 18:23:41.236056,,,0.34862041883208505
2024-12-24 18:23:41.270537,,,0.3658822167188872
2024-12-24 18:23:41.305540,,,0.3661867390997703
2024-12-24 18:23:41.341696,,,0.3986319553547595
2024-12-24 18:23:41.373996,,,0.3538537501235025
2024-12-24 18:23:41.408440,,,0.37463485846554156
2024-12-24 18:23:41.444650,,,0.36330092431995265
2024-12-24 18:23:41.480417,,,0.3830935336759621
2024-12-24 18:23:41.515549,,,0.35354712748905487
2024-12-24 18:23:41.551503,,,0.3962865390967242
2024-12-24 18:23:41.587374,,,0.40656713208491524
2024-12-24 18:23:41.622375,,,0.3755603631305504
2024-12-24 18:23:41.657889,,,0.3559832733274906
2024-12-24 18:23:41.695906,,,0.3658822167188872
2024-12-24 18:23:41.732894,,,0.3755603631305504
2024-12-24 18:23:41.768437,,,0.37685100933001775
2024-12-24 18:23:41.806419,,,0.36459157051941987
2024-12-24 18:23:41.840423,,,0.3986319553547595
2024-12-24 18:23:41.877574,,,0.36459157051941987
2024-12-24 18:23:41.915571,,,0.3658065662996527
2024-12-24 18:23:41.949792,,,0.3658822167188872
2024-12-24 18:23:41.985793,,,0.3645159201001854
2024-12-24 18:23:42.020817,,,0.3879825362363306
2024-12-24 18:23:42.057920,,,0.39244558086881287
2024-12-24 18:23:42.093948,,,0.3658065662996527
2024-12-24 18:23:42.129381,,,0.3661742261705535
2024-12-24 18:23:42.167168,,,0.3661742261705535
2024-12-24 18:23:42.204169,,,0.3649592303903207
2024-12-24 18:23:42.241742,,,0.42532038823224805
2024-12-24 18:23:42.277758,,,0.3960265004148091
2024-12-24 18:23:42.312756,,,0.4264308227926461
2024-12-24 18:23:42.349340,,,0.4260026618516217
2024-12-24 18:23:42.386342,,,0.42537057427837405
2024-12-24 18:23:42.420339,,,0.4117503173047785
2024-12-24 18:23:42.456193,,,0.3772186692009185
2024-12-24 18:23:42.495899,,,0.4110372165481222
2024-12-24 18:23:42.532091,,,0.4060852804437466
2024-12-24 18:23:42.569642,,,0.3645159201001854
2024-12-24 18:23:42.607642,,,0.37612844497965625
2024-12-24 18:23:42.642188,,,0.37592802300145123
2024-12-24 18:23:42.676769,,,0.3661742261705535
2024-12-24 18:23:42.711772,,,0.38214789619433076
2024-12-24 18:23:42.749285,,,0.3661742261705535
2024-12-24 18:23:42.788286,,,0.353851649869938
2024-12-24 18:23:42.825303,,,0.36488106163464384
2024-12-24 18:23:42.860993,,,0.353851649869938
2024-12-24 18:23:42.895826,,,0.4082859392254069
2024-12-24 18:23:42.928883,,,0.38214789619433076
2024-12-24 18:23:42.964486,,,0.3959029046319542
2024-12-24 18:23:42.999385,,,0.36526379554849026
2024-12-24 18:23:43.034514,,,0.3661742261705535
2024-12-24 18:23:43.069457,,,0.3658065662996527
2024-12-24 18:23:43.104473,,,0.3928132407397137
2024-12-24 18:23:43.139486,,,0.35713098312240354
2024-12-24 18:23:43.174951,,,0.38189804306052294
2024-12-24 18:23:43.213848,,,0.3661742261705535
2024-12-24 18:23:43.249517,,,0.3816060336088566
2024-12-24 18:23:43.286503,,,0.3803153874093893
2024-12-24 18:23:43.322500,,,0.37083631146279816
2024-12-24 18:23:43.359805,,,0.3559832733274906
2024-12-24 18:23:43.395802,,,0.3804870717875203
2024-12-24 18:23:43.434811,,,0.35584033692293626
2024-12-24 18:23:43.473318,,,0.3803153874093893
2024-12-24 18:23:43.514333,,,0.36030050466500885
2024-12-24 18:23:43.556837,,,0.2580899056436944
2024-12-24 18:23:43.597852,,,0.2981178952878386
2024-12-24 18:23:43.635841,,,0.32168315738286235
2024-12-24 18:23:43.672995,,,0.35520322340347843
2024-12-24 18:23:43.707994,,,0.34757621134823
2024-12-24 18:23:43.747510,,,0.4070229710046088
2024-12-24 18:23:43.784513,,,0.36709721249912
2024-12-24 18:23:43.824511,,,0.4080507326230541
2024-12-24 18:23:43.859870,,,0.36709721249912
2024-12-24 18:23:43.893872,,,0.3979216073302593
2024-12-24 18:23:43.928897,,,0.4249424133373496
2024-12-24 18:23:43.967194,,,0.3972414961950419
2024-12-24 18:23:44.003195,,,0.397111664293439
2024-12-24 18:23:44.043708,,,0.4067495062081407
2024-12-24 18:23:44.085772,,,0.3731869603493543
2024-12-24 18:23:44.121850,,,0.39135535664755056
2024-12-24 18:23:44.157601,,,0.3972414961950419
2024-12-24 18:23:44.192028,,,0.4356561591006064
2024-12-24 18:23:44.226030,,,0.3816164961950419
2024-12-24 18:23:44.257835,,,0.4239044568623187
2024-12-24 18:23:44.293204,,,0.3959029046319542
2024-12-24 18:23:44.328159,,,0.4249593504495198
2024-12-24 18:23:44.362890,,,0.4092993009163941
2024-12-24 18:23:44.395164,,,0.4092993009163941
2024-12-24 18:23:44.429140,,,0.39559833947378464
2024-12-24 18:23:44.461256,,,0.39469414497046945
2024-12-24 18:23:44.494256,,,0.3959029046319542
2024-12-24 18:23:44.528837,,,0.4249424133373496
2024-12-24 18:23:44.561823,,,0.3839514498668919
2024-12-24 18:23:44.595105,,,0.394916065854411
2024-12-24 18:23:44.627121,,,0.39660286378865145
2024-12-24 18:23:44.659699,,,0.3110858095918311
2024-12-24 18:23:44.692698,,,0.2601416660706554
2024-12-24 18:23:44.725682,,,0.2517519038157138
2024-12-24 18:23:44.758244,,,0.2766763517958838
2024-12-24 18:23:44.794228,,,0.3137428952878386
2024-12-24 18:23:44.831230,,,0.32442771233988255
2024-12-24 18:23:44.865715,,,0.34062480089477526
2024-12-24 18:23:44.899727,,,0.36459157051941987
2024-12-24 18:23:44.933717,,,0.3713879701914173
2024-12-24 18:23:44.967239,,,0.3817992261705535
2024-12-24 18:23:45.000329,,,0.3645159201001854
2024-12-24 18:23:45.036367,,,0.3839514498668919
2024-12-24 18:23:45.070868,,,0.3911549346693456
2024-12-24 18:23:45.101907,,,0.36701263719668964
2024-12-24 18:23:45.135132,,,0.38121876371522234
2024-12-24 18:23:45.169657,,,0.3812944141344568
2024-12-24 18:23:45.203183,,,0.4067675540631202
2024-12-24 18:23:45.236608,,,0.39135535664755056
2024-12-24 18:23:45.269535,,,0.39479463255571245
2024-12-24 18:23:45.302535,,,0.37447013890928815
2024-12-24 18:23:45.336728,,,0.3779913013554325
2024-12-24 18:23:45.370313,,,0.3492120002547393
2024-12-24 18:23:45.402298,,,0.38049070721638456
2024-12-24 18:23:45.435348,,,0.3792000610169173
2024-12-24 18:23:45.468811,,,0.3900647104480833
2024-12-24 18:23:45.502811,,,0.3589732647251705
2024-12-24 18:23:45.535816,,,0.3960333320520971
2024-12-24 18:23:45.575374,,,0.36489613567758944
2024-12-24 18:23:45.610359,,,0.3959029046319542
2024-12-24 18:23:45.644365,,,0.3900721780876167
2024-12-24 18:23:45.676942,,,0.3636873760161047
2024-12-24 18:23:45.709926,,,0.3602564432851043
2024-12-24 18:23:45.742945,,,0.35768261852570327
2024-12-24 18:23:45.774469,,,0.34925606163464384
2024-12-24 18:23:45.808471,2024-12-24 18:23:45.879508,0.071037,0.26200876254932304
2024-12-24 18:23:45.879508,,,0.26200876254932304
2024-12-24 18:23:45.914507,,,0.2902927736784914
2024-12-24 18:23:45.951036,,,0.2767411789918188
2024-12-24 18:23:45.991017,,,0.30460223477856313
2024-12-24 18:23:46.028021,,,0.3201337113913807
2024-12-24 18:23:46.063534,,,0.3383450404632001
2024-12-24 18:23:46.099549,,,0.3504392168792483
2024-12-24 18:23:46.140539,,,0.3785118337368282
2024-12-24 18:23:46.179053,,,0.34062690114833977
2024-12-24 18:23:46.216053,,,0.3661742261705535
2024-12-24 18:23:46.251567,,,0.35506874590373527
2024-12-24 18:23:46.286583,,,0.3661742261705535
2024-12-24 18:23:46.323567,,,0.36746739070646317
2024-12-24 18:23:46.363084,,,0.353851649869938
2024-12-24 18:23:46.401084,,,0.353851649869938
2024-12-24 18:23:46.436089,,,0.36488106163464384
2024-12-24 18:23:46.471600,,,0.353851649869938
2024-12-24 18:23:46.508489,,,0.35210483504027784
2024-12-24 18:23:46.543841,,,0.368387651323021
2024-12-24 18:23:46.578832,,,0.37592550466500885
2024-12-24 18:23:46.614833,,,0.3661742261705535
2024-12-24 18:23:46.649347,,,0.36087615698202546
2024-12-24 18:23:46.684347,,,0.33823533689493357
2024-12-24 18:23:46.718746,,,0.3137428952878386
2024-12-24 18:23:46.760843,2024-12-24 18:23:46.837847,0.077004,0.25
2024-12-24 18:23:46.837847,,,0.25
2024-12-24 18:23:46.872918,,,0.29133117410393183
2024-12-24 18:23:46.908889,,,0.3137398822764107
2024-12-24 18:23:46.944893,,,0.3214339235440849
2024-12-24 18:23:46.979175,,,0.3379404172146512
2024-12-24 18:23:47.016175,,,0.3498928109124678
2024-12-24 18:23:47.052688,,,0.34925606163464384
2024-12-24 18:23:47.087685,,,0.3199000907427706
2024-12-24 18:23:47.126687,,,0.3505492261705535
2024-12-24 18:23:47.162229,,,0.35118597544837754
2024-12-24 18:23:47.197245,,,0.38290966073095156
2024-12-24 18:23:47.231229,,,0.36746739070646317
2024-12-24 18:23:47.265952,,,0.34898556036654343
2024-12-24 18:23:47.298968,,,0.35904028692674644
2024-12-24 18:23:47.331997,,,0.3772186692009185
2024-12-24 18:23:47.366082,,,0.37463485846554156
2024-12-24 18:23:47.403067,,,0.37592550466500885
2024-12-24 18:23:47.442117,,,0.36488106163464384
2024-12-24 18:23:47.477607,,,0.3661131889341003
2024-12-24 18:23:47.509710,,,0.3661131889341003
2024-12-24 18:23:47.543615,,,0.3772186692009185
2024-12-24 18:23:47.577261,,,0.30583660272229435
2024-12-24 18:23:47.609541,2024-12-24 18:23:47.710760,0.101219,0.28125
2024-12-24 18:23:47.710760,,,0.28125
2024-12-24 18:23:47.743793,,,0.3122261438491562
2024-12-24 18:23:47.780537,,,0.32779028692674644
2024-12-24 18:23:47.814536,,,0.3447059331262137
2024-12-24 18:23:47.850073,,,0.34925606163464384
2024-12-24 18:23:47.885072,,,0.363666065854411
2024-12-24 18:23:47.917532,,,0.35947428178369994
2024-12-24 18:23:47.951034,,,0.3520964060704408
2024-12-24 18:23:47.986033,,,0.36746739070646317
2024-12-24 18:23:48.019051,,,0.3785118337368282
2024-12-24 18:23:48.052546,,,0.3631408491008058
2024-12-24 18:23:48.085571,,,0.3972414961950419
2024-12-24 18:23:48.118545,,,0.37722118753736095
2024-12-24 18:23:48.151159,,,0.36746739070646317
2024-12-24 18:23:48.183174,,,0.35218923991470275
2024-12-24 18:23:48.216447,,,0.35195180413847527
2024-12-24 18:23:48.249473,,,0.36526379554849026
2024-12-24 18:23:48.283037,,,0.3782925319620293
2024-12-24 18:23:48.316424,,,0.35181906170735955
2024-12-24 18:23:48.349153,,,0.350896075378793
2024-12-24 18:23:48.382865,,,0.35218923991470275
2024-12-24 18:23:48.414871,,,0.36526379554849026
2024-12-24 18:23:48.450542,,,0.36709721249912
2024-12-24 18:23:48.486639,,,0.36489613567758944
2024-12-24 18:23:48.521636,,,0.3640550358870055
2024-12-24 18:23:48.557031,,,0.36489613567758944
2024-12-24 18:23:48.591911,,,0.3742697169310832
2024-12-24 18:23:48.624899,,,0.3661867818770568
2024-12-24 18:23:48.659543,,,0.36125643779122263
2024-12-24 18:23:48.693678,,,0.3770514313082227
2024-12-24 18:23:48.729544,,,0.3808547316584211
2024-12-24 18:23:48.764541,,,0.3755603631305504
2024-12-24 18:23:48.797539,,,0.3505284155078922
2024-12-24 18:23:48.831555,,,0.3616266159985658
2024-12-24 18:23:48.865304,,,0.3636873760161047
2024-12-24 18:23:48.897584,,,0.34566186625242745
2024-12-24 18:23:48.930589,,,0.3770514313082227
2024-12-24 18:23:48.965371,,,0.378141655529485
2024-12-24 18:23:48.998323,,,0.3768510093300177
2024-12-24 18:23:49.031323,,,0.36026391092463783
2024-12-24 18:23:49.065932,,,0.35385169264722444
2024-12-24 18:23:49.097036,,,0.35385169264722444
2024-12-24 18:23:49.129932,,,0.3661867818770568
2024-12-24 18:23:49.162686,,,0.35181906170735955
2024-12-24 18:23:49.195582,,,0.3394839724775272
2024-12-24 18:23:49.230029,,,0.3400816177814201
2024-12-24 18:23:49.262006,,,0.35385169264722444
2024-12-24 18:23:49.295003,,,0.34951862288918695
2024-12-24 18:23:49.331924,,,0.3589657970856371
2024-12-24 18:23:49.365377,,,0.3636873760161047
2024-12-24 18:23:49.398488,,,0.34960291084288336
2024-12-24 18:23:49.431487,,,0.3602564432851043
2024-12-24 18:23:49.464768,,,0.3483015268553896
2024-12-24 18:23:49.498397,,,0.37612844497965625
2024-12-24 18:23:49.532293,,,0.3490003335321975
2024-12-24 18:23:49.566971,,,0.3770514313082227
2024-12-24 18:23:49.601964,,,0.3606241031560051
2024-12-24 18:23:49.637863,,,0.3748352804437466
2024-12-24 18:23:49.673957,,,0.353851649869938
2024-12-24 18:23:49.706057,,,0.32224324169738616
2024-12-24 18:23:49.741064,,,0.25779459335790894
2024-12-24 18:23:49.779309,2024-12-24 18:23:49.814337,0.035028,0.31683122906475736
2024-12-24 18:23:49.814337,,,0.31683122906475736
2024-12-24 18:23:49.849336,,,0.3201337113913807
2024-12-24 18:23:49.883674,,,0.364896092900303
2024-12-24 18:23:49.917676,,,0.35804776006016165
2024-12-24 18:23:49.952315,,,0.3435852804437466
2024-12-24 18:23:49.994290,,,0.3298801723460031
2024-12-24 18:23:50.029287,,,0.3904602804437466
2024-12-24 18:23:50.064171,,,0.35327938143111864
2024-12-24 18:23:50.099258,,,0.3673755720073455
2024-12-24 18:23:50.137265,,,0.36526379554849026
2024-12-24 18:23:50.174773,,,0.335271075378793
2024-12-24 18:23:50.213775,,,0.3972414961950419
2024-12-24 18:23:50.259289,,,0.3926609392254069
2024-12-24 18:23:50.302308,,,0.3972414961950419
2024-12-24 18:23:50.347297,,,0.3661742261705535
2024-12-24 18:23:50.387812,,,0.39226320674558735
2024-12-24 18:23:50.431812,,,0.37722118753736095
2024-12-24 18:23:50.471351,,,0.3772186692009185
2024-12-24 18:23:50.510353,,,0.38290966073095156
2024-12-24 18:23:50.550868,,,0.37592802300145123
2024-12-24 18:23:50.589877,,,0.3452631044959586
2024-12-24 18:23:50.626877,,,0.3398191963261192
2024-12-24 18:23:50.666191,2024-12-24 18:23:50.830427,0.164236,0.3062211621644937
2024-12-24 18:23:50.830427,,,0.3062211621644937
2024-12-24 18:23:50.874535,,,0.30609287269428187
2024-12-24 18:23:50.909532,,,0.35506874590373527
2024-12-24 18:23:50.949546,,,0.3526366540897051
2024-12-24 18:23:50.988107,,,0.35020055614677625
2024-12-24 18:23:51.024109,,,0.3735521018838127
2024-12-24 18:23:51.066629,,,0.3768510093300177
2024-12-24 18:23:51.104645,,,0.3768510093300177
2024-12-24 18:23:51.139633,,,0.37592550466500885
2024-12-24 18:23:51.175138,,,0.3658065662996527
2024-12-24 18:23:51.212164,,,0.3768510093300177
2024-12-24 18:23:51.247145,,,0.3755603631305504
2024-12-24 18:23:51.281722,,,0.3425434182365106
2024-12-24 18:23:51.315722,,,0.365022964712838
2024-12-24 18:23:51.349728,,,0.3498354146123178
2024-12-24 18:23:51.385858,,,0.3612564377912226
2024-12-24 18:23:51.421858,,,0.33569449958622755
2024-12-24 18:23:51.455124,,,0.3204842372614174
2024-12-24 18:23:51.489077,,,0.37447013890928815
2024-12-24 18:23:51.524078,,,0.37576078510875544
2024-12-24 18:23:51.560886,,,0.3502787249024531
2024-12-24 18:23:51.595884,,,0.3449388302971256
2024-12-24 18:23:51.630882,,,0.3768510093300177
2024-12-24 18:23:51.665167,,,0.3636873760161047
2024-12-24 18:23:51.701169,,,0.3658065662996527
2024-12-24 18:23:51.737176,,,0.3622181677382237
2024-12-24 18:23:51.778206,,,0.36709721249912
2024-12-24 18:23:51.815203,,,0.3658065662996527
2024-12-24 18:23:51.849903,,,0.35233213170882205
2024-12-24 18:23:51.884713,,,0.33940980511454244
2024-12-24 18:23:51.918715,,,0.35385169264722444
2024-12-24 18:23:51.952715,,,0.3541583152816721
2024-12-24 18:23:51.985166,,,0.37576078510875544
2024-12-24 18:23:52.018468,,,0.36343316351845656
2024-12-24 18:23:52.051833,,,0.37447760654882156
2024-12-24 18:23:52.085237,,,0.3770514313082227
2024-12-24 18:23:52.117136,,,0.3694426287571553
2024-12-24 18:23:52.151139,,,0.383298550394084
2024-12-24 18:23:52.184653,,,0.36489613567758944
2024-12-24 18:23:52.218767,,,0.3770439636686893
2024-12-24 18:23:52.251668,,,0.37576078510875544
2024-12-24 18:23:52.283729,,,0.3605010294715913
2024-12-24 18:23:52.317730,,,0.375753317469222
2024-12-24 18:23:52.350758,,,0.375753317469222
2024-12-24 18:23:52.383954,,,0.3897931618208266
2024-12-24 18:23:52.417957,,,0.36610489533907425
2024-12-24 18:23:52.451215,,,0.36949480506818
2024-12-24 18:23:52.484891,,,0.3636054894781222
2024-12-24 18:23:52.518064,,,0.3639706310125806
2024-12-24 18:23:52.551067,,,0.364814249139607
2024-12-24 18:23:52.586097,,,0.3782106454240468
2024-12-24 18:23:52.619948,,,0.3795012916235141
2024-12-24 18:23:52.652164,,,0.36350134629815756
2024-12-24 18:23:52.686292,,,0.3976461751907533
2024-12-24 18:23:52.721978,,,0.3976461751907533
2024-12-24 18:23:52.756717,,,0.393805216962842
2024-12-24 18:23:52.789105,,,0.3809069079694458
2024-12-24 18:23:52.822087,,,0.39509586316230927
2024-12-24 18:23:52.857679,,,0.39479463255571245
2024-12-24 18:23:52.893679,,,0.3792486018990777
2024-12-24 18:23:52.926680,,,0.40965498377205134
2024-12-24 18:23:52.960359,,,0.3394777363587792
2024-12-24 18:23:52.993360,,,0.3948431734378729
2024-12-24 18:23:53.027359,,,0.380539248098545
2024-12-24 18:23:53.059892,,,0.3770439636686893
2024-12-24 18:23:53.091891,,,0.3770439636686893
2024-12-24 18:23:53.125017,,,0.364814249139607
2024-12-24 18:23:53.159018,,,0.39145146789119467
2024-12-24 18:23:53.191028,,,0.36647255520997507
2024-12-24 18:23:53.224029,,,0.37576078510875544
2024-12-24 18:23:53.258057,,,0.3651793906740654
2024-12-24 18:23:53.291353,,,0.3792000610169173
2024-12-24 18:23:53.325453,,,0.3636054894781222
2024-12-24 18:23:53.358971,,,0.3553670749431569
2024-12-24 18:23:53.392403,,,0.3795012916235141
2024-12-24 18:23:53.424496,,,0.37857578695850524
2024-12-24 18:23:53.457222,,,0.3639706310125806
2024-12-24 18:23:53.494489,,,0.37612844497965625
2024-12-24 18:23:53.533211,,,0.3792486018990777
2024-12-24 18:23:53.566920,,,0.3795012916235141
2024-12-24 18:23:53.601036,,,0.3636054894781222
2024-12-24 18:23:53.634946,,,0.37857578695850524
2024-12-24 18:23:53.669024,,,0.375753317469222
2024-12-24 18:23:53.702121,,,0.364814249139607
2024-12-24 18:23:53.737027,,,0.3795012916235141
2024-12-24 18:23:53.770714,,,0.39107634038076045
2024-12-24 18:23:53.803585,,,0.37611845900368046
2024-12-24 18:23:53.836581,,,0.3639706310125806
2024-12-24 18:23:53.871298,,,0.375753317469222
2024-12-24 18:23:53.907392,,,0.364814249139607
2024-12-24 18:23:53.941729,,,0.36489613567758944
2024-12-24 18:23:53.976981,,,0.36489613567758944
2024-12-24 18:23:54.012936,,,0.3897931618208266
2024-12-24 18:23:54.046946,,,0.375753317469222
2024-12-24 18:23:54.083559,,,0.36610489533907425
2024-12-24 18:23:54.117448,,,0.3782106454240468
2024-12-24 18:23:54.150451,,,0.3636054894781222
2024-12-24 18:23:54.185542,,,0.36489613567758944
2024-12-24 18:23:54.221971,,,0.37336617100604974
2024-12-24 18:23:54.255003,,,0.39474268585262984
2024-12-24 18:23:54.288829,,,0.3639706310125806
2024-12-24 18:23:54.322731,,,0.3792000610169173
2024-12-24 18:23:54.354732,,,0.3636054894781222
2024-12-24 18:23:54.387477,,,0.36610489533907425
2024-12-24 18:23:54.418583,,,0.375753317469222
2024-12-24 18:23:54.452926,,,0.3782106454240468
2024-12-24 18:23:54.487614,,,0.3636054894781222
2024-12-24 18:23:54.522803,,,0.3636054894781222
2024-12-24 18:23:54.562453,,,0.3795012916235141
2024-12-24 18:23:54.598342,,,0.36949480506818
2024-12-24 18:23:54.632339,,,0.364814249139607
2024-12-24 18:23:54.664162,,,0.37447013890928815
2024-12-24 18:23:54.698075,,,0.3636054894781222
2024-12-24 18:23:54.734156,,,0.3809069079694458
2024-12-24 18:23:54.773725,,,0.3639706310125806
2024-12-24 18:23:54.807725,,,0.3914414819152189
2024-12-24 18:23:54.844581,,,0.37611845900368046
2024-12-24 18:23:54.881221,,,0.36647255520997507
2024-12-24 18:23:54.916218,,,0.3911729825243251
2024-12-24 18:23:54.951223,,,0.3904602804437466
2024-12-24 18:23:54.992756,,,0.40958577117683614
2024-12-24 18:23:55.028757,,,0.3541499789093595
2024-12-24 18:23:55.063826,,,0.3930366235395901
2024-12-24 18:23:55.098828,,,0.40689373791568306
2024-12-24 18:23:55.134824,,,0.3726720911187773
2024-12-24 18:23:55.169342,,,0.2603854587159805
2024-12-24 18:23:55.205340,,,0.25168009771063704
2024-12-24 18:23:55.247349,,,0.2778520779891897
2024-12-24 18:23:55.282887,,,0.3254340786025299
2024-12-24 18:23:55.317860,,,0.3608661710060497
2024-12-24 18:23:55.354866,,,0.37611845900368046
2024-12-24 18:23:55.394125,,,0.3651793906740654
2024-12-24 18:23:55.430123,,,0.3608661710060497
2024-12-24 18:23:55.465346,,,0.3639706310125806
2024-12-24 18:23:55.500346,,,0.3608661710060497
2024-12-24 18:23:55.539347,,,0.4109362215189033
2024-12-24 18:23:55.580702,,,0.38329021402177144
2024-12-24 18:23:55.620704,,,0.3651793906740654
2024-12-24 18:23:55.662234,,,0.3541583152816721
2024-12-24 18:23:55.700221,,,0.3553670749431569
2024-12-24 18:23:55.742221,,,0.3774116235395901
2024-12-24 18:23:55.781274,,,0.3639706310125806
2024-12-24 18:23:55.823271,,,0.3795012916235141
2024-12-24 18:23:55.863788,,,0.36489613567758944
2024-12-24 18:23:55.902787,,,0.38814508303409273
2024-12-24 18:23:55.938788,,,0.380539248098545
2024-12-24 18:23:55.976341,,,0.37576078510875544
2024-12-24 18:23:56.013325,,,0.38088879554849026
2024-12-24 18:23:56.050331,,,0.3748352804437466
2024-12-24 18:23:56.086093,,,0.37612844497965625
2024-12-24 18:23:56.120875,,,0.36610489533907425
2024-12-24 18:23:56.155863,,,0.3816994668778694
2024-12-24 18:23:56.192411,,,0.3969581398996817
2024-12-24 18:23:56.228411,,,0.37818185178602515
2024-12-24 18:23:56.264548,,,0.351737175169377
2024-12-24 18:23:56.298548,,,0.3659995206383243
2024-12-24 18:23:56.334549,,,0.3804088206784021
2024-12-24 18:23:56.367641,,,0.36949480506818
2024-12-24 18:23:56.404642,,,0.36721451641855707
2024-12-24 18:23:56.439721,,,0.3541499789093595
2024-12-24 18:23:56.474143,,,0.36471634207839043
2024-12-24 18:23:56.512142,,,0.3687634712275967
2024-12-24 18:23:56.550360,,,0.35385169264722444
2024-12-24 18:23:56.593189,,,0.35506045230870925
2024-12-24 18:23:56.629088,,,0.3553670749431569
2024-12-24 18:23:56.665664,,,0.3873597135580648
2024-12-24 18:23:56.704648,,,0.34447742244669227
2024-12-24 18:23:56.741647,,,0.3553670749431569
2024-12-24 18:23:56.783166,,,0.3659995206383243
2024-12-24 18:23:56.826180,,,0.37612844497965625
2024-12-24 18:23:56.863493,,,0.3774116235395901
2024-12-24 18:23:56.902386,,,0.35506045230870925
2024-12-24 18:23:56.940382,,,0.37611845900368046
2024-12-24 18:23:56.979899,,,0.39263853520748443
2024-12-24 18:23:57.014895,,,0.36489613567758944
2024-12-24 18:23:57.053941,,,0.3636054894781222
2024-12-24 18:23:57.092572,,,0.375753317469222
2024-12-24 18:23:57.130571,,,0.3636054894781222
2024-12-24 18:23:57.166970,,,0.3636054894781222
2024-12-24 18:23:57.202968,,,0.3636054894781222
2024-12-24 18:23:57.240970,,,0.3804088206784021
2024-12-24 18:23:57.274548,,,0.3636054894781222
2024-12-24 18:23:57.310550,,,0.3782106454240468
2024-12-24 18:23:57.347552,,,0.3636054894781222
2024-12-24 18:23:57.392083,,,0.3636054894781222
2024-12-24 18:23:57.435088,,,0.3795012916235141
2024-12-24 18:23:57.470703,,,0.36489613567758944
2024-12-24 18:23:57.504719,,,0.375753317469222
2024-12-24 18:23:57.538309,,,0.3651793906740654
2024-12-24 18:23:57.572969,,,0.3795012916235141
2024-12-24 18:23:57.607824,,,0.36836051375696105
2024-12-24 18:23:57.641843,,,0.3770439636686893
2024-12-24 18:23:57.676350,,,0.36610489533907425
2024-12-24 18:23:57.710334,,,0.3795012916235141
2024-12-24 18:23:57.744335,,,0.3770439636686893
2024-12-24 18:23:57.779902,,,0.39402998377205134
2024-12-24 18:23:57.817960,,,0.3795012916235141
2024-12-24 18:23:57.851905,,,0.364814249139607
2024-12-24 18:23:57.885040,,,0.36489613567758944
2024-12-24 18:23:57.918060,,,0.36489613567758944
2024-12-24 18:23:57.951822,,,0.3793304884370602
2024-12-24 18:23:57.985334,,,0.36610489533907425
2024-12-24 18:23:58.019441,,,0.2845418466693579
2024-12-24 18:23:58.054450,2024-12-24 18:23:58.127168,0.072718,0.3121957153879513
2024-12-24 18:23:58.127168,,,0.3121957153879513
2024-12-24 18:23:58.160170,,,0.3283449399600489
2024-12-24 18:23:58.192681,,,0.3358015672775104
2024-12-24 18:23:58.226682,,,0.3659995206383243
2024-12-24 18:23:58.261229,,,0.3770439636686893
2024-12-24 18:23:58.296446,,,0.40835964645112854
2024-12-24 18:23:58.329443,,,0.39523874343353615
2024-12-24 18:23:58.364663,,,0.37576078510875544
2024-12-24 18:23:58.398697,,,0.3772186692009185
2024-12-24 18:23:58.430667,,,0.3774116235395901
2024-12-24 18:23:58.463220,,,0.3785093154003858
2024-12-24 18:23:58.496264,,,0.3661131889341003
2024-12-24 18:23:58.529599,,,0.37576078510875544
2024-12-24 18:23:58.564696,,,0.3676471016008159
2024-12-24 18:23:58.597952,,,0.36526379554849026
2024-12-24 18:23:58.631733,,,0.380417920796618
2024-12-24 18:23:58.667700,,,0.393805216962842
2024-12-24 18:23:58.699663,,,0.3770439636686893
2024-12-24 18:23:58.732662,,,0.3795012916235141
2024-12-24 18:23:58.765904,,,0.37857578695850524
2024-12-24 18:23:58.800908,,,0.37857578695850524
2024-12-24 18:23:58.834002,,,0.375753317469222
2024-12-24 18:23:58.866095,,,0.3636054894781222
2024-12-24 18:23:58.903756,,,0.36489613567758944
2024-12-24 18:23:58.937752,,,0.3793304884370602
2024-12-24 18:23:58.971249,,,0.36489613567758944
2024-12-24 18:23:59.003145,,,0.36707104962646236
2024-12-24 18:23:59.036147,,,0.3636873760161047
2024-12-24 18:23:59.070559,,,0.42098230489841687
2024-12-24 18:23:59.103559,,,0.36526379554849026
2024-12-24 18:23:59.137660,,,0.39135535664755056
2024-12-24 18:23:59.171084,,,0.3541583152816721
2024-12-24 18:23:59.204084,,,0.41154601705290983
2024-12-24 18:23:59.237085,,,0.41208052795022404
2024-12-24 18:23:59.271622,,,0.3798689514944149
2024-12-24 18:23:59.306030,,,0.3986319553547595
2024-12-24 18:23:59.342030,,,0.380539248098545
2024-12-24 18:23:59.377543,,,0.42456062189941945
2024-12-24 18:23:59.413543,,,0.410337257391425
2024-12-24 18:23:59.450549,,,0.438696778446131
2024-12-24 18:23:59.491056,,,0.410337257391425
2024-12-24 18:23:59.531059,,,0.3978324515936025
2024-12-24 18:23:59.570579,,,0.41139249265915245
2024-12-24 18:23:59.605577,,,0.42537057427837405
2024-12-24 18:23:59.646598,,,0.4124376075395271
2024-12-24 18:23:59.683114,,,0.413475564014558
2024-12-24 18:23:59.720100,,,0.42795204760819416
2024-12-24 18:23:59.755105,,,0.41154601705290983
2024-12-24 18:23:59.790616,,,0.3541583152816721
2024-12-24 18:23:59.827616,,,0.3137428952878386
2024-12-24 18:23:59.864679,2024-12-24 18:23:59.943680,0.079001,0.2727495493908083
2024-12-24 18:23:59.943680,,,0.2727495493908083
2024-12-24 18:23:59.980195,,,0.31683122906475736
2024-12-24 18:24:00.016212,,,0.3616266159985658
2024-12-24 18:24:00.053361,,,0.3661742261705535
2024-12-24 18:24:00.099876,,,0.34779979825100277
2024-12-24 18:24:00.141875,,,0.3662836396025656
2024-12-24 18:24:00.182326,,,0.39643358286835906
2024-12-24 18:24:00.220752,,,0.39633106557297865
2024-12-24 18:24:00.256759,,,0.379698148307961
2024-12-24 18:24:00.292286,,,0.39163278680330726
2024-12-24 18:24:00.327364,,,0.3798689514944149
2024-12-24 18:24:00.362413,,,0.3955964687897954
2024-12-24 18:24:00.400179,,,0.34925606163464384
2024-12-24 18:24:00.436479,,,0.2673013517958838
2024-12-24 18:24:00.471032,2024-12-24 18:24:00.512270,0.041238,0.25984180945940816
2024-12-24 18:24:00.512270,,,0.25984180945940816
2024-12-24 18:24:00.549098,,,0.25
2024-12-24 18:24:00.584699,,,0.3276613516929876
2024-12-24 18:24:00.621518,,,0.34625010001467316
2024-12-24 18:24:00.659729,,,0.3961630673838288
2024-12-24 18:24:00.697398,,,0.39773172518658595
2024-12-24 18:24:00.737384,,,0.38730762650928885
2024-12-24 18:24:00.773027,,,0.4095765854248742
2024-12-24 18:24:00.809331,,,0.3980032547800564
2024-12-24 18:24:00.847333,,,0.4117503173047785
2024-12-24 18:24:00.887430,,,0.4012857081285105
2024-12-24 18:24:00.927676,,,0.41366846011524316
2024-12-24 18:24:00.962743,,,0.39509586316230927
2024-12-24 18:24:01.000277,,,0.3928436692009185
2024-12-24 18:24:01.035753,,,0.3768510093300177
2024-12-24 18:24:01.068452,,,0.3768510093300177
2024-12-24 18:24:01.108282,,,0.3559832733274906
2024-12-24 18:24:01.144388,,,0.380539248098545
2024-12-24 18:24:01.177137,,,0.3841753105560476
2024-12-24 18:24:01.211489,,,0.3698014277026276
2024-12-24 18:24:01.246009,,,0.35864415863752025
2024-12-24 18:24:01.280179,,,0.36488106163464384
2024-12-24 18:24:01.314182,,,0.3682860454066952
2024-12-24 18:24:01.347138,,,0.3694426287571553
2024-12-24 18:24:01.380907,,,0.4125371521439869
2024-12-24 18:24:01.413853,,,0.3798689514944149
2024-12-24 18:24:01.446859,,,0.37956156712251143
2024-12-24 18:24:01.479608,,,0.35628374168396815
2024-12-24 18:24:01.512716,,,0.36822763297692246
2024-12-24 18:24:01.545491,,,0.35385169264722444
2024-12-24 18:24:01.579371,,,0.3829665508945628
2024-12-24 18:24:01.612371,,,0.38189804306052294
2024-12-24 18:24:01.647877,,,0.3748352804437466
2024-12-24 18:24:01.683705,,,0.37840498377205134
2024-12-24 18:24:01.718646,,,0.3792000610169173
2024-12-24 18:24:01.750642,,,0.3673892219507863
2024-12-24 18:24:01.783650,,,0.3795956310125806
2024-12-24 18:24:01.817003,,,0.3798689514944149
2024-12-24 18:24:01.850204,,,0.379698148307961
2024-12-24 18:24:01.881895,,,0.36526379554849026
2024-12-24 18:24:01.915456,,,0.3979037063400086
2024-12-24 18:24:01.951861,,,0.37840498377205134
2024-12-24 18:24:01.985476,,,0.3822522575467405
2024-12-24 18:24:02.019371,,,0.3845073100555688
2024-12-24 18:24:02.050486,,,0.38736446086230547
2024-12-24 18:24:02.084208,,,0.3673892219507863
2024-12-24 18:24:02.116235,,,0.3698014277026276
2024-12-24 18:24:02.149317,,,0.3801104916389806
2024-12-24 18:24:02.187530,,,0.3698014277026276
2024-12-24 18:24:02.221514,,,0.36974925139160286
2024-12-24 18:24:02.253725,,,0.3682860454066952
2024-12-24 18:24:02.287186,,,0.41396720236075757
2024-12-24 18:24:02.320209,,,0.41464947598013124
2024-12-24 18:24:02.354406,,,0.39905490444133607
2024-12-24 18:24:02.388419,,,0.36489613567758944
2024-12-24 18:24:02.422419,,,0.36489613567758944
2024-12-24 18:24:02.454408,,,0.3661867818770568
2024-12-24 18:24:02.487930,,,0.39358587289422764
2024-12-24 18:24:02.521929,,,0.3661867818770568
2024-12-24 18:24:02.556555,,,0.39245616108425896
2024-12-24 18:24:02.589545,,,0.37346457754622514
2024-12-24 18:24:02.622818,,,0.41144552946766677
2024-12-24 18:24:02.654512,,,0.38070606557297865
2024-12-24 18:24:02.687256,,,0.410337257391425
2024-12-24 18:24:02.721604,,,0.37909957343167433
2024-12-24 18:24:02.756622,,,0.4105080605778789
2024-12-24 18:24:02.791023,,,0.36526379554849026
2024-12-24 18:24:02.825123,,,0.37346457754622514
2024-12-24 18:24:02.859254,,,0.3698014277026276
2024-12-24 18:24:02.892262,,,0.3846068584956165
2024-12-24 18:24:02.926248,,,0.424260139717976
2024-12-24 18:24:02.959170,,,0.40707505682779566
2024-12-24 18:24:02.993680,,,0.4110372165481222
2024-12-24 18:24:03.026680,,,0.40974557427837405
2024-12-24 18:24:03.060812,,,0.3951404183324494
2024-12-24 18:24:03.096217,,,0.408635139717976
2024-12-24 18:24:03.130195,,,0.39163278680330726
2024-12-24 18:24:03.165224,,,0.4070664819152189
2024-12-24 18:24:03.200848,,,0.42537057427837405
2024-12-24 18:24:03.239851,,,0.40974557427837405
2024-12-24 18:24:03.276393,,,0.36526379554849026
2024-12-24 18:24:03.308339,,,0.3639706310125806
2024-12-24 18:24:03.343336,,,0.379698148307961
2024-12-24 18:24:03.377849,,,0.3795956310125806
2024-12-24 18:24:03.412852,,,0.37961374343353615
2024-12-24 18:24:03.447851,,,0.3951404183324494
2024-12-24 18:24:03.485372,,,0.34625010001467316
2024-12-24 18:24:03.525373,,,0.3121957153879513
2024-12-24 18:24:03.568922,,,0.2978410261255669
2024-12-24 18:24:03.607922,,,0.28289592333467894
2024-12-24 18:24:03.643935,,,0.33062510001467316
2024-12-24 18:24:03.680449,,,0.3768510093300177
2024-12-24 18:24:03.716432,,,0.3760276625839024
2024-12-24 18:24:03.751433,,,0.3383360633019501
2024-12-24 18:24:03.787948,,,0.375753317469222
2024-12-24 18:24:03.828966,,,0.383298550394084
2024-12-24 18:24:03.864977,,,0.40976709008894874
2024-12-24 18:24:03.900390,,,0.41139249265915245
2024-12-24 18:24:03.943864,,,0.408635139717976
2024-12-24 18:24:03.981653,,,0.3589657970856371
2024-12-24 18:24:04.024657,,,0.2514329241062449
2024-12-24 18:24:04.064660,2024-12-24 18:24:04.107171,0.042511,0.2999693597997745
2024-12-24 18:24:04.107171,,,0.2999693597997745
2024-12-24 18:24:04.146169,,,0.3137398822764107
2024-12-24 18:24:04.189543,,,0.3201337113913807
2024-12-24 18:24:04.226544,,,0.37463485846554156
2024-12-24 18:24:04.263547,,,0.37685100933001775
2024-12-24 18:24:04.303603,,,0.37721615086447613
2024-12-24 18:24:04.340602,,,0.39244558086881287
2024-12-24 18:24:04.376117,,,0.3986319553547595
2024-12-24 18:24:04.412116,,,0.3816994668778694
2024-12-24 18:24:04.448117,,,0.4060852804437466
2024-12-24 18:24:04.487400,,,0.39712495472841725
2024-12-24 18:24:04.526397,,,0.3636054894781222
2024-12-24 18:24:04.563403,,,0.39107634038076045
2024-12-24 18:24:04.598404,,,0.39509586316230927
2024-12-24 18:24:04.634185,,,0.3829656697028857
2024-12-24 18:24:04.669625,,,0.35506874590373527
2024-12-24 18:24:04.705624,,,0.353851649869938
2024-12-24 18:24:04.741893,,,0.3383443996742626
2024-12-24 18:24:04.777407,,,0.3821893391726469
2024-12-24 18:24:04.813406,,,0.38329737242711515
2024-12-24 18:24:04.848405,,,0.3504392168792483
2024-12-24 18:24:04.883948,,,0.353851649869938
2024-12-24 18:24:04.919966,,,0.3649592303903207
2024-12-24 18:24:04.958981,,,0.41204665607930135
2024-12-24 18:24:04.997492,,,0.4002926802969118
2024-12-24 18:24:05.032493,,,0.3362009048023404
2024-12-24 18:24:05.067713,,,0.34242276006016165
2024-12-24 18:24:05.103225,2024-12-24 18:24:05.209831,0.106606,0.2981453107376156
2024-12-24 18:24:05.209831,,,0.2981453107376156
2024-12-24 18:24:05.243834,,,0.2965707153879513
2024-12-24 18:24:05.285402,,,0.3293648822764107
2024-12-24 18:24:05.322388,,,0.3462556313625434
2024-12-24 18:24:05.359595,,,0.378141655529485
2024-12-24 18:24:05.398055,,,0.36746739070646317
2024-12-24 18:24:05.436166,,,0.36522791084288336
2024-12-24 18:24:05.468165,,,0.38290966073095156
2024-12-24 18:24:05.502062,,,0.349237769308425
2024-12-24 18:24:05.537163,,,0.350896075378793
2024-12-24 18:24:05.571003,,,0.380186142058215
2024-12-24 18:24:05.604901,,,0.39395410376131657
2024-12-24 18:24:05.639568,,,0.4089660503606243
2024-12-24 18:24:05.674381,,,0.38064709013361875
2024-12-24 18:24:05.708383,,,0.3741281568947298
2024-12-24 18:24:05.742382,,,0.4078577782843825
2024-12-24 18:24:05.775894,,,0.3692709443790243
2024-12-24 18:24:05.808894,,,0.3952206310125806
2024-12-24 18:24:05.844894,,,0.3851664456471247
2024-12-24 18:24:05.879404,,,0.38121876371522234
2024-12-24 18:24:05.914406,,,0.3152840491648701
2024-12-24 18:24:05.949405,2024-12-24 18:24:05.981980,0.032575,0.2516763517958838
2024-12-24 18:24:05.981980,,,0.2516763517958838
2024-12-24 18:24:06.015958,,,0.28715619872783205
2024-12-24 18:24:06.047943,,,0.2965707153879513
2024-12-24 18:24:06.081454,,,0.34625010001467316
2024-12-24 18:24:06.115454,,,0.3186800548786759
2024-12-24 18:24:06.149467,,,0.34925606163464384
2024-12-24 18:24:06.184020,,,0.36030050466500885
2024-12-24 18:24:06.220021,,,0.34960291084288336
2024-12-24 18:24:06.255020,,,0.37685100933001775
2024-12-24 18:24:06.289554,,,0.35506874590373527
2024-12-24 18:24:06.328537,,,0.375753317469222
2024-12-24 18:24:06.362747,,,0.37721615086447613
2024-12-24 18:24:06.402308,,,0.3904602804437466
2024-12-24 18:24:06.436418,,,0.40825586661648816
2024-12-24 18:24:06.469412,,,0.364896092900303
2024-12-24 18:24:06.503036,,,0.40556905227173434
2024-12-24 18:24:06.536025,,,0.38412313424502287
2024-12-24 18:24:06.568951,,,0.3938347739435203
2024-12-24 18:24:06.603509,,,0.3953112215189033
2024-12-24 18:24:06.636611,,,0.35354712748905487
2024-12-24 18:24:06.670577,,,0.3543244963114933
2024-12-24 18:24:06.704904,,,0.3325317154051711
2024-12-24 18:24:06.739800,,,0.36526379554849026
2024-12-24 18:24:06.773742,,,0.3772186692009185
2024-12-24 18:24:06.809172,,,0.29976080561108964
2024-12-24 18:24:06.846173,2024-12-24 18:24:06.915232,0.069059,0.2993851930140263
2024-12-24 18:24:06.915232,,,0.2993851930140263
2024-12-24 18:24:06.950271,,,0.2689472751305627
2024-12-24 18:24:06.982784,,,0.3000650902231383
2024-12-24 18:24:07.018892,,,0.3137398822764107
2024-12-24 18:24:07.055150,,,0.32779028692674644
2024-12-24 18:24:07.088996,,,0.36030050466500885
2024-12-24 18:24:07.121888,,,0.35900985846554156
2024-12-24 18:24:07.155997,,,0.33336056036654343
2024-12-24 18:24:07.188401,,,0.36159115086447613
2024-12-24 18:24:07.223402,,,0.37721615086447613
2024-12-24 18:24:07.259441,,,0.3608661710060497
2024-12-24 18:24:07.293961,,,0.375753317469222
2024-12-24 18:24:07.326962,,,0.3812944141344568
2024-12-24 18:24:07.375402,,,0.3645159201001854
2024-12-24 18:24:07.408418,,,0.3795012916235141
2024-12-24 18:24:07.441943,,,0.38329021402177144
2024-12-24 18:24:07.474391,,,0.3980032547800564
2024-12-24 18:24:07.508719,,,0.3676471016008159
2024-12-24 18:24:07.542090,,,0.38235298395375705
2024-12-24 18:24:07.574981,,,0.36526379554849026
2024-12-24 18:24:07.610749,,,0.41154601705290983
2024-12-24 18:24:07.644647,,,0.39163278680330726
2024-12-24 18:24:07.681475,,,0.35195180413847527
2024-12-24 18:24:07.718460,,,0.42319884905090044
2024-12-24 18:24:07.753565,,,0.3639706310125806
2024-12-24 18:24:07.787272,,,0.3833980988341317
2024-12-24 18:24:07.826374,,,0.42369813664097655
2024-12-24 18:24:07.860267,,,0.3543244963114933
2024-12-24 18:24:07.892768,,,0.3818322595833439
2024-12-24 18:24:07.928767,,,0.3980032547800564
2024-12-24 18:24:07.962625,,,0.37956156712251143
2024-12-24 18:24:07.994566,,,0.3371273036404653
2024-12-24 18:24:08.027669,,,0.3798689514944149
2024-12-24 18:24:08.063724,,,0.34960291084288336
2024-12-24 18:24:08.097440,,,0.36746739070646317
2024-12-24 18:24:08.134343,,,0.3675547115661119
2024-12-24 18:24:08.169345,,,0.350896075378793
2024-12-24 18:24:08.201998,,,0.38088879554849026
2024-12-24 18:24:08.234097,,,0.3942851918329301
2024-12-24 18:24:08.266117,,,0.36526379554849026
2024-12-24 18:24:08.299636,,,0.3505284155078922
2024-12-24 18:24:08.337827,,,0.3541583152816721
2024-12-24 18:24:08.375249,,,0.33979059511197485
2024-12-24 18:24:08.411250,,,0.3795012916235141
2024-12-24 18:24:08.445251,,,0.36526379554849026
2024-12-24 18:24:08.483432,,,0.3685321553578056
2024-12-24 18:24:08.522454,,,0.3639706310125806
2024-12-24 18:24:08.557434,,,0.3663376155323146
2024-12-24 18:24:08.593462,,,0.39574938023819695
2024-12-24 18:24:08.630464,,,0.3383360633019501
2024-12-24 18:24:08.665469,,,0.3953941041271667
2024-12-24 18:24:08.704975,,,0.395323148307961
2024-12-24 18:24:08.742974,,,0.39420078695850524
2024-12-24 18:24:08.779534,,,0.380186142058215
2024-12-24 18:24:08.815471,,,0.4107654183324494
2024-12-24 18:24:08.850462,,,0.42251873791568306
2024-12-24 18:24:08.885893,,,0.3661742261705535
2024-12-24 18:24:08.922555,,,0.38088879554849026
2024-12-24 18:24:08.960584,,,0.4064960054358635
2024-12-24 18:24:08.995071,,,0.3959099589481845
2024-12-24 18:24:09.031073,,,0.39492505997585536
2024-12-24 18:24:09.068079,,,0.39492505997585536
2024-12-24 18:24:09.109593,,,0.4078577782843825
2024-12-24 18:24:09.146590,,,0.36087615698202546
2024-12-24 18:24:09.182105,,,0.378141655529485
2024-12-24 18:24:09.234119,,,0.361799143310592
2024-12-24 18:24:09.269108,,,0.36050849711112465
2024-12-24 18:24:09.304662,,,0.3559771190495205
2024-12-24 18:24:09.338777,,,0.3526429329857397
2024-12-24 18:24:09.372779,,,0.378141655529485
2024-12-24 18:24:09.413296,,,0.38411146821299036
2024-12-24 18:24:09.450292,,,0.36822763297692246
2024-12-24 18:24:09.482808,,,0.3541583152816721
2024-12-24 18:24:09.517955,,,0.3394839724775272
2024-12-24 18:24:09.552201,,,0.3529412192478747
2024-12-24 18:24:09.587713,,,0.38209755520997507
2024-12-24 18:24:09.627714,,,0.3795956310125806
2024-12-24 18:24:09.665725,,,0.34960291084288336
2024-12-24 18:24:09.702243,,,0.34960291084288336
2024-12-24 18:24:09.743364,,,0.40835964645112854
2024-12-24 18:24:09.783910,,,0.3904602804437466
2024-12-24 18:24:09.821911,,,0.4226914819152189
2024-12-24 18:24:09.865923,,,0.4093997885016371
2024-12-24 18:24:09.906465,,,0.3952206310125806
2024-12-24 18:24:09.942580,,,0.3952206310125806
2024-12-24 18:24:09.981167,,,0.39660286378865145
2024-12-24 18:24:10.015145,,,0.4215896222673976
2024-12-24 18:24:10.049256,,,0.4056592819868784
2024-12-24 18:24:10.084770,,,0.40872197520857406
2024-12-24 18:24:10.121710,,,0.39145146789119467
2024-12-24 18:24:10.159727,,,0.3639706310125806
2024-12-24 18:24:10.195255,,,0.42537057427837405
2024-12-24 18:24:10.233272,,,0.42251873791568306
2024-12-24 18:24:10.270256,,,0.395323148307961
2024-12-24 18:24:10.306812,,,0.3974415001333767
2024-12-24 18:24:10.342828,,,0.41187585289284745
2024-12-24 18:24:10.379326,,,0.38329737242711515
2024-12-24 18:24:10.415325,,,0.3977722356855569
2024-12-24 18:24:10.453325,,,0.3980032547800564
2024-12-24 18:24:10.493866,,,0.3816164961950419
2024-12-24 18:24:10.533850,,,0.315287062176298
2024-12-24 18:24:10.570882,2024-12-24 18:24:10.653450,0.082568,0.2653815723103611
2024-12-24 18:24:10.653450,,,0.2653815723103611
2024-12-24 18:24:10.695999,,,0.3137428952878386
2024-12-24 18:24:10.732001,,,0.3278207153879513
2024-12-24 18:24:10.778131,,,0.32472929962667485
2024-12-24 18:24:10.827147,,,0.3603309331262137
2024-12-24 18:24:10.865180,,,0.3527868852185956
2024-12-24 18:24:10.906404,,,0.36125643779122263
2024-12-24 18:24:10.941419,,,0.34493203836542885
2024-12-24 18:24:10.975017,,,0.2514329241062449
2024-12-24 18:24:11.010031,,,0.25
2024-12-24 18:24:11.053030,,,0.28252332374904343
2024-12-24 18:24:11.088381,,,0.3059623679040856
2024-12-24 18:24:11.130081,,,0.3504392168792483
2024-12-24 18:24:11.164084,,,0.3152840491648701
2024-12-24 18:24:11.199230,,,0.3193727548969587
2024-12-24 18:24:11.232310,,,0.3191892168792483
2024-12-24 18:24:11.271332,,,0.3541583152816721
2024-12-24 18:24:11.308469,,,0.3543244963114933
2024-12-24 18:24:11.341356,,,0.36125643779122263
2024-12-24 18:24:11.373467,,,0.3658065662996527
2024-12-24 18:24:11.406387,,,0.32396834313225287
2024-12-24 18:24:11.437472,,,0.3657309158804183
2024-12-24 18:24:11.470476,,,0.34036286355079415
2024-12-24 18:24:11.503581,,,0.3768510093300177
2024-12-24 18:24:11.540579,,,0.34958824575429825
2024-12-24 18:24:11.575607,,,0.36522791084288336
2024-12-24 18:24:11.610149,,,0.41070700590267667
2024-12-24 18:24:11.648214,,,0.35080324153453113
2024-12-24 18:24:11.683691,,,0.34036286355079415
2024-12-24 18:24:11.716613,,,0.38050606163464384
2024-12-24 18:24:11.750671,,,0.3820484187955875
2024-12-24 18:24:11.784239,,,0.3976461751907533
2024-12-24 18:24:11.819236,,,0.353851649869938
2024-12-24 18:24:11.857254,,,0.353851649869938
2024-12-24 18:24:11.890790,,,0.3820886127656304
2024-12-24 18:24:11.926297,,,0.35506874590373527
2024-12-24 18:24:11.960284,,,0.35294955562018726
2024-12-24 18:24:11.993252,,,0.353851649869938
2024-12-24 18:24:12.027298,,,0.353851649869938
2024-12-24 18:24:12.058250,,,0.35506874590373527
2024-12-24 18:24:12.090971,,,0.3645159201001854
2024-12-24 18:24:12.124079,,,0.3636054467008357
2024-12-24 18:24:12.157973,,,0.35506874590373527
2024-12-24 18:24:12.193709,,,0.353851649869938
2024-12-24 18:24:12.227957,,,0.35516080234785824
2024-12-24 18:24:12.260948,,,0.384308529456195
2024-12-24 18:24:12.294524,,,0.33914576751699677
2024-12-24 18:24:12.329526,,,0.32470392276160126
2024-12-24 18:24:12.366574,,,0.36612298704668733
2024-12-24 18:24:12.402147,,,0.36063408913198103
2024-12-24 18:24:12.436608,,,0.3796800358870055
2024-12-24 18:24:12.472518,,,0.3806830472802901
2024-12-24 18:24:12.507430,,,0.39741695957452666
2024-12-24 18:24:12.547340,,,0.3616240976621234
2024-12-24 18:24:12.583836,,,0.3768510093300177
2024-12-24 18:24:12.616852,,,0.35996579159175535
2024-12-24 18:24:12.649938,,,0.3661828704182626
2024-12-24 18:24:12.686414,,,0.3772186692009185
2024-12-24 18:24:12.720412,,,0.3201337113913807
2024-12-24 18:24:12.754090,,,0.3500740753447899
2024-12-24 18:24:12.789667,,,0.33730815738286235
2024-12-24 18:24:12.823653,,,0.30760307119115526
2024-12-24 18:24:12.855755,,,0.3559771190495205
2024-12-24 18:24:12.887933,,,0.3547621232692877
2024-12-24 18:24:12.921921,,,0.3547621232692877
2024-12-24 18:24:12.955934,,,0.3547621232692877
2024-12-24 18:24:12.990950,,,0.33066105982374827
2024-12-24 18:24:13.025953,,,0.36709721249912
2024-12-24 18:24:13.065960,,,0.364845091208412
2024-12-24 18:24:13.102472,,,0.3751714682968316
2024-12-24 18:24:13.142469,,,0.33813787256909444
2024-12-24 18:24:13.180994,,,0.3658065662996527
2024-12-24 18:24:13.217994,,,0.35961933578499317
2024-12-24 18:24:13.253994,,,0.34925051966961684
2024-12-24 18:24:13.290221,,,0.3645159201001854
2024-12-24 18:24:13.332588,,,0.32587843375849657
2024-12-24 18:24:13.373967,,,0.3489213485613903
2024-12-24 18:24:13.413478,,,0.3500740753447899
2024-12-24 18:24:13.449478,,,0.37592802300145123
2024-12-24 18:24:13.484991,,,0.3599657915917553
2024-12-24 18:24:13.520992,,,0.3589657970856371
2024-12-24 18:24:13.556991,,,0.35996579159175535
2024-12-24 18:24:13.595511,,,0.3742697169310832
2024-12-24 18:24:13.633510,,,0.3742697169310832
2024-12-24 18:24:13.668515,,,0.3742697169310832
2024-12-24 18:24:13.705752,,,0.378141655529485
2024-12-24 18:24:13.745750,,,0.37576078510875544
2024-12-24 18:24:13.782610,,,0.31928274026643066
2024-12-24 18:24:13.822396,,,0.33731431689392144
2024-12-24 18:24:13.858616,,,0.32263381140605385
2024-12-24 18:24:13.893772,,,0.3183453418054223
2024-12-24 18:24:13.928773,,,0.30950561102545215
2024-12-24 18:24:13.965779,,,0.3500740753447899
2024-12-24 18:24:14.000288,,,0.33731431689392144
2024-12-24 18:24:14.035289,,,0.27774689242641404
2024-12-24 18:24:14.071294,,,0.3344795038059948
2024-12-24 18:24:14.106098,,,0.36330092431995265
2024-12-24 18:24:14.140777,,,0.3547621232692877
2024-12-24 18:24:14.175900,,,0.36330092431995265
2024-12-24 18:24:14.210249,,,0.3645159201001854
2024-12-24 18:24:14.247038,,,0.3489213485613903
2024-12-24 18:24:14.283554,,,0.3755603631305504
2024-12-24 18:24:14.316549,,,0.3755603631305504
2024-12-24 18:24:14.349550,,,0.3547621232692877
2024-12-24 18:24:14.384086,,,0.3324244798711544
2024-12-24 18:24:14.417084,,,0.3755603631305504
2024-12-24 18:24:14.449084,,,0.3658065662996527
2024-12-24 18:24:14.483808,,,0.36709721249912
2024-12-24 18:24:14.520810,,,0.3547621232692877
2024-12-24 18:24:14.554897,,,0.35354712748905487
2024-12-24 18:24:14.587414,,,0.3547621232692877
2024-12-24 18:24:14.620351,,,0.36822763297692246
2024-12-24 18:24:14.656367,,,0.3526366968669916
2024-12-24 18:24:14.690893,,,0.35047105741487666
2024-12-24 18:24:14.723894,,,0.26206144555617816
2024-12-24 18:24:14.758000,2024-12-24 18:24:14.791405,0.033405,0.29814832374904343
2024-12-24 18:24:14.791405,,,0.29814832374904343
2024-12-24 18:24:14.825406,,,0.2809457153879513
2024-12-24 18:24:14.859403,,,0.32779028692674644
2024-12-24 18:24:14.891944,,,0.3430805738534929
2024-12-24 18:24:14.925947,,,0.36709721249912
2024-12-24 18:24:14.958987,,,0.3502909797316648
2024-12-24 18:24:14.994071,,,0.39135535664755056
2024-12-24 18:24:15.026413,,,0.36154708948457165
2024-12-24 18:24:15.060313,,,0.36489613567758944
2024-12-24 18:24:15.094084,,,0.375377989007325
2024-12-24 18:24:15.130091,,,0.3661742261705535
2024-12-24 18:24:15.165008,,,0.3821893391726469
2024-12-24 18:24:15.197638,,,0.3968133352540175
2024-12-24 18:24:15.230641,,,0.38049070721638456
2024-12-24 18:24:15.262639,,,0.4222718958867713
2024-12-24 18:24:15.297222,,,0.41187585289284745
2024-12-24 18:24:15.331222,,,0.38289120135261984
2024-12-24 18:24:15.367213,,,0.3957050631777757
2024-12-24 18:24:15.403937,,,0.38304101924482864
2024-12-24 18:24:15.437154,,,0.37450257547517984
2024-12-24 18:24:15.474180,,,0.3803153874093893
2024-12-24 18:24:15.509710,,,0.39535297248656
2024-12-24 18:24:15.546695,,,0.378141655529485
2024-12-24 18:24:15.581468,,,0.4247330334111841
2024-12-24 18:24:15.615379,,,0.35506874590373527
2024-12-24 18:24:15.649377,,,0.3658065662996527
2024-12-24 18:24:15.682119,,,0.3661131889341003
2024-12-24 18:24:15.715029,,,0.3547621232692877
2024-12-24 18:24:15.749013,,,0.38121876371522234
2024-12-24 18:24:15.781868,,,0.35385169264722444
2024-12-24 18:24:15.816759,,,0.35506874590373527
2024-12-24 18:24:15.849760,,,0.3492279711958379
2024-12-24 18:24:15.883338,,,0.348041065854411
2024-12-24 18:24:15.917323,2024-12-24 18:24:15.986544,0.069221,0.29226089330436156
2024-12-24 18:24:15.986544,,,0.29226089330436156
2024-12-24 18:24:16.023546,,,0.3137428952878386
2024-12-24 18:24:16.058545,,,0.3520964060704408
2024-12-24 18:24:16.092115,,,0.3434457153879513
2024-12-24 18:24:16.124099,,,0.3603334514626561
2024-12-24 18:24:16.157193,,,0.32142687592729036
2024-12-24 18:24:16.190940,,,0.3612564377912226
2024-12-24 18:24:16.223834,,,0.32049773604666354
2024-12-24 18:24:16.256849,,,0.365429986151113
2024-12-24 18:24:16.291264,,,0.37835953222252144
2024-12-24 18:24:16.329248,,,0.37576078510875544
2024-12-24 18:24:16.365249,,,0.35506874590373527
2024-12-24 18:24:16.401997,,,0.3661742261705535
2024-12-24 18:24:16.438892,,,0.36709721249912
2024-12-24 18:24:16.472897,,,0.3658065662996527
2024-12-24 18:24:16.506627,,,0.36459157051941987
2024-12-24 18:24:16.541123,,,0.3658065662996527
2024-12-24 18:24:16.577016,,,0.29226089330436156
2024-12-24 18:24:16.625541,,,0.3097442717579242
2024-12-24 18:24:16.662524,,,0.321252654830832
2024-12-24 18:24:16.697035,,,0.34257612472197974
2024-12-24 18:24:16.736036,,,0.3645159201001854
2024-12-24 18:24:16.777068,,,0.3530419456548912
2024-12-24 18:24:16.814965,,,0.3500740753447899
2024-12-24 18:24:16.850979,,,0.36489613567758944
2024-12-24 18:24:16.891480,,,0.3661742261705535
2024-12-24 18:24:16.933493,,,0.3755603631305504
2024-12-24 18:24:16.969479,,,0.3645949050709927
2024-12-24 18:24:17.005004,,,0.35218923991470275
2024-12-24 18:24:17.042987,,,0.3900647104480833
2024-12-24 18:24:17.076991,,,0.379291065854411
2024-12-24 18:24:17.114499,,,0.3968133352540175
2024-12-24 18:24:17.152502,,,0.3817992261705535
2024-12-24 18:24:17.187070,,,0.4078577782843825
2024-12-24 18:24:17.221069,,,0.4082859392254069
2024-12-24 18:24:17.256070,,,0.3988173505659316
2024-12-24 18:24:17.291609,,,0.36184768456489613
2024-12-24 18:24:17.326612,,,0.3817992261705535
2024-12-24 18:24:17.364306,,,0.353851649869938
2024-12-24 18:24:17.402825,,,0.3547621232692877
2024-12-24 18:24:17.449827,,,0.36459157051941987
2024-12-24 18:24:17.495342,,,0.31745824280819346
2024-12-24 18:24:17.536342,,,0.2744243459888524
2024-12-24 18:24:17.572344,,,0.25779459335790894
2024-12-24 18:24:17.606871,2024-12-24 18:24:17.640855,0.033984,0.313435597664362
2024-12-24 18:24:17.640855,,,0.313435597664362
2024-12-24 18:24:17.676861,,,0.2903373679040856
2024-12-24 18:24:17.711918,,,0.28914259895103406
2024-12-24 18:24:17.747919,,,0.3449594538152058
2024-12-24 18:24:17.783773,,,0.32327564311397
2024-12-24 18:24:17.818774,,,0.32366382075136974
2024-12-24 18:24:17.859773,,,0.3500740753447899
2024-12-24 18:24:17.899130,,,0.3500740753447899
2024-12-24 18:24:17.932584,,,0.3500740753447899
2024-12-24 18:24:17.967592,,,0.3592178509116574
2024-12-24 18:24:18.004118,,,0.3382689766972944
2024-12-24 18:24:18.038101,,,0.35354712748905487
2024-12-24 18:24:18.075126,,,0.35136472154425713
2024-12-24 18:24:18.114647,,,0.3661131889341003
2024-12-24 18:24:18.151215,,,0.33803154092106696
2024-12-24 18:24:18.190138,,,0.3547621232692877
2024-12-24 18:24:18.225102,,,0.3589732647251705
2024-12-24 18:24:18.260083,,,0.3772186692009185
2024-12-24 18:24:18.298665,,,0.3658065662996527
2024-12-24 18:24:18.334665,,,0.36746739070646317
2024-12-24 18:24:18.370805,,,0.36831220827935285
2024-12-24 18:24:18.409543,,,0.3658065662996527
2024-12-24 18:24:18.443526,,,0.36489613567758944
2024-12-24 18:24:18.478586,,,0.39155302300145123
2024-12-24 18:24:18.517998,,,0.380186142058215
2024-12-24 18:24:18.558975,,,0.36960264710325375
2024-12-24 18:24:18.596494,,,0.380186142058215
2024-12-24 18:24:18.633497,,,0.39713693497520713
2024-12-24 18:24:18.671499,,,0.353851649869938
2024-12-24 18:24:18.707043,,,0.3661742261705535
2024-12-24 18:24:18.750042,,,0.37721615086447613
2024-12-24 18:24:18.787555,,,0.37956156712251143
2024-12-24 18:24:18.822575,,,0.3772186692009185
2024-12-24 18:24:18.858572,,,0.3694426287571553
2024-12-24 18:24:18.892095,,,0.36488106163464384
2024-12-24 18:24:18.926110,,,0.3547621232692877
2024-12-24 18:24:18.960194,,,0.36822763297692246
2024-12-24 18:24:18.994605,,,0.379196425588053
2024-12-24 18:24:19.028739,,,0.38177771798698756
2024-12-24 18:24:19.062603,,,0.35354712748905487
2024-12-24 18:24:19.097579,,,0.37927207600728746
2024-12-24 18:24:19.131592,,,0.3803153874093893
2024-12-24 18:24:19.165593,,,0.3645159201001854
2024-12-24 18:24:19.197910,,,0.3939240311523979
2024-12-24 18:24:19.231910,,,0.380932900414098
2024-12-24 18:24:19.265911,,,0.36154708948457165
2024-12-24 18:24:19.299573,,,0.3618776183511155
2024-12-24 18:24:19.332573,,,0.3939240311523979
2024-12-24 18:24:19.364665,,,0.3661742261705535
2024-12-24 18:24:19.399571,,,0.3658065662996527
2024-12-24 18:24:19.432954,,,0.3785118337368282
2024-12-24 18:24:19.466853,,,0.37722118753736095
2024-12-24 18:24:19.500643,,,0.36746739070646317
2024-12-24 18:24:19.532549,,,0.36746739070646317
2024-12-24 18:24:19.567648,,,0.3649592303903207
2024-12-24 18:24:19.600169,,,0.38169314268455723
2024-12-24 18:24:19.634164,,,0.37722118753736095
2024-12-24 18:24:19.667171,,,0.35506874590373527
2024-12-24 18:24:19.699893,,,0.34524545293157316
2024-12-24 18:24:19.733981,,,0.3695775670134719
2024-12-24 18:24:19.767996,,,0.3661131889341003
2024-12-24 18:24:19.804536,,,0.35233213170882205
2024-12-24 18:24:19.839549,,,0.3661131889341003
2024-12-24 18:24:19.873743,,,0.3817992261705535
2024-12-24 18:24:19.906167,,,0.3980032547800564
2024-12-24 18:24:19.940168,,,0.3804870717875203
2024-12-24 18:24:19.974222,,,0.353851649869938
2024-12-24 18:24:20.007926,,,0.35354712748905487
2024-12-24 18:24:20.045889,,,0.36488106163464384
2024-12-24 18:24:20.081346,,,0.36482254273463305
2024-12-24 18:24:20.117074,,,0.3514937206826859
2024-12-24 18:24:20.156003,,,0.353851649869938
2024-12-24 18:24:20.191452,,,0.35020055614677625
2024-12-24 18:24:20.225578,,,0.2828692407882273
2024-12-24 18:24:20.262580,2024-12-24 18:24:20.329091,0.066511,0.2653511438491562
2024-12-24 18:24:20.329091,,,0.2653511438491562
2024-12-24 18:24:20.361091,,,0.27475657231036105
2024-12-24 18:24:20.393904,,,0.3140471798998873
2024-12-24 18:24:20.425883,,,0.3278207153879513
2024-12-24 18:24:20.459865,,,0.33765162622095446
2024-12-24 18:24:20.492545,,,0.3514937206826859
2024-12-24 18:24:20.526404,,,0.3547621232692877
2024-12-24 18:24:20.560418,,,0.36488106163464384
2024-12-24 18:24:20.592237,,,0.3682798092879472
2024-12-24 18:24:20.626134,,,0.3685575322228791
2024-12-24 18:24:20.660135,,,0.36482254273463305
2024-12-24 18:24:20.693686,,,0.38304101924482864
2024-12-24 18:24:20.730684,,,0.38304101924482864
2024-12-24 18:24:20.765854,,,0.36489613567758944
2024-12-24 18:24:20.799368,,,0.34338485846554156
2024-12-24 18:24:20.834382,,,0.36960264710325375
2024-12-24 18:24:20.867382,,,0.35354712748905487
2024-12-24 18:24:20.898905,,,0.3972414961950419
2024-12-24 18:24:20.933011,,,0.39613106163464384
2024-12-24 18:24:20.966904,,,0.38050606163464384
2024-12-24 18:24:21.001743,,,0.39559833947378464
2024-12-24 18:24:21.035740,,,0.3805842303903207
2024-12-24 18:24:21.070741,,,0.3817992261705535
2024-12-24 18:24:21.104251,,,0.33363106163464384
2024-12-24 18:24:21.142368,,,0.35506874590373527
2024-12-24 18:24:21.174262,,,0.36609605741487666
2024-12-24 18:24:21.206985,,,0.36488106163464384
2024-12-24 18:24:21.242987,,,0.3645159201001854
2024-12-24 18:24:21.277989,,,0.37576078510875544
2024-12-24 18:24:21.311496,,,0.37592550466500885
2024-12-24 18:24:21.345495,,,0.3547621232692877
2024-12-24 18:24:21.381517,,,0.3943078576061853
2024-12-24 18:24:21.415076,,,0.3772186692009185
2024-12-24 18:24:21.448076,,,0.35506874590373527
2024-12-24 18:24:21.482647,,,0.3661131889341003
2024-12-24 18:24:21.517493,,,0.3649592303903207
2024-12-24 18:24:21.552356,,,0.3804870717875203
2024-12-24 18:24:21.585190,,,0.3661742261705535
2024-12-24 18:24:21.619719,,,0.3645159201001854
2024-12-24 18:24:21.652705,,,0.3661742261705535
2024-12-24 18:24:21.687411,,,0.3928132407397137
2024-12-24 18:24:21.721525,,,0.3780398422375929
2024-12-24 18:24:21.755425,,,0.3547621232692877
2024-12-24 18:24:21.788933,,,0.3804870717875203
2024-12-24 18:24:21.822932,,,0.3645159201001854
2024-12-24 18:24:21.858932,,,0.3645159201001854
2024-12-24 18:24:21.896274,,,0.3661742261705535
2024-12-24 18:24:21.934273,,,0.3649592303903207
2024-12-24 18:24:21.968273,,,0.3538537501235025
2024-12-24 18:24:22.006829,,,0.36489613567758944
2024-12-24 18:24:22.043849,,,0.36482254273463305
2024-12-24 18:24:22.079838,,,0.3658065662996527
2024-12-24 18:24:22.117607,,,0.3547621232692877
2024-12-24 18:24:22.158558,,,0.3694426287571553
2024-12-24 18:24:22.195883,,,0.3594476514068622
2024-12-24 18:24:22.232879,,,0.36488106163464384
2024-12-24 18:24:22.271879,,,0.3661742261705535
2024-12-24 18:24:22.307400,,,0.36822763297692246
2024-12-24 18:24:22.343397,,,0.36488106163464384
2024-12-24 18:24:22.379400,,,0.3952206310125806
2024-12-24 18:24:22.414944,2024-12-24 18:24:22.452913,0.037969,0.2825203107376156
2024-12-24 18:24:22.452913,,,0.2825203107376156
2024-12-24 18:24:22.498428,,,0.3290809331262137
2024-12-24 18:24:22.533453,,,0.3472060331408868
2024-12-24 18:24:22.571462,,,0.34603204445977065
2024-12-24 18:24:22.609491,,,0.3425434182365106
2024-12-24 18:24:22.651519,,,0.3599657915917553
2024-12-24 18:24:22.692607,,,0.3768510093300177
2024-12-24 18:24:22.729610,,,0.36471634207839043
2024-12-24 18:24:22.765610,,,0.3898642884698783
2024-12-24 18:24:22.801123,,,0.38290813846479005
2024-12-24 18:24:22.841119,,,0.38424977890631346
2024-12-24 18:24:22.875600,,,0.3832634145758203
2024-12-24 18:24:22.913734,,,0.36471634207839043
2024-12-24 18:24:22.957734,,,0.3694426287571553
2024-12-24 18:24:22.995251,,,0.3851664456471247
2024-12-24 18:24:23.034251,,,0.40656713208491524
2024-12-24 18:24:23.074257,,,0.3673172023548592
2024-12-24 18:24:23.112784,,,0.37927207600728746
2024-12-24 18:24:23.150764,,,0.36471634207839043
2024-12-24 18:24:23.189310,,,0.3829656697028857
2024-12-24 18:24:23.229312,,,0.35506668842745726
2024-12-24 18:24:23.268325,,,0.36471634207839043
2024-12-24 18:24:23.303855,,,0.35385169264722444
2024-12-24 18:24:23.339855,,,0.36489613567758944
2024-12-24 18:24:23.377011,,,0.36489613567758944
2024-12-24 18:24:23.412499,,,0.3672480889316643
2024-12-24 18:24:23.448961,,,0.3795012916235141
2024-12-24 18:24:23.485002,,,0.3505284155078922
2024-12-24 18:24:23.526531,,,0.3684568485931491
2024-12-24 18:24:23.570544,,,0.35354712748905487
2024-12-24 18:24:23.608079,,,0.3636054894781222
2024-12-24 18:24:23.645676,,,0.3694426287571553
2024-12-24 18:24:23.683732,,,0.3293678952878386
2024-12-24 18:24:23.720242,2024-12-24 18:24:23.797740,0.077498,0.25803802104754786
2024-12-24 18:24:23.797740,,,0.25803802104754786
2024-12-24 18:24:23.837741,,,0.2829263517958838
2024-12-24 18:24:23.873744,,,0.3180147058823529
2024-12-24 18:24:23.909262,,,0.32472929962667485
2024-12-24 18:24:23.947262,,,0.3099980404086601
2024-12-24 18:24:23.986280,,,0.311454209726201
2024-12-24 18:24:24.022882,,,0.337930771736764
2024-12-24 18:24:24.058880,,,0.337930771736764
2024-12-24 18:24:24.103457,,,0.33914576751699677
2024-12-24 18:24:24.145457,,,0.32487881653160255
2024-12-24 18:24:24.182479,,,0.33803154092106696
2024-12-24 18:24:24.221093,,,0.3682860454066952
2024-12-24 18:24:24.256428,,,0.3658065662996527
2024-12-24 18:24:24.290574,,,0.34946405408075965
2024-12-24 18:24:24.322880,,,0.34500415528747364
2024-12-24 18:24:24.356790,,,0.3770514313082227
2024-12-24 18:24:24.389606,,,0.3912725945719399
2024-12-24 18:24:24.423621,,,0.35136472154425713
2024-12-24 18:24:24.456726,,,0.36471634207839043
2024-12-24 18:24:24.490345,,,0.36489613567758944
2024-12-24 18:24:24.524643,,,0.3394839724775272
2024-12-24 18:24:24.560260,,,0.3672480889316643
2024-12-24 18:24:24.598825,,,0.3645159201001854
2024-12-24 18:24:24.633747,,,0.36526379554849026
2024-12-24 18:24:24.666320,,,0.378141655529485
2024-12-24 18:24:24.700512,,,0.3772186692009185
2024-12-24 18:24:24.733509,,,0.3911729825243251
2024-12-24 18:24:24.767403,,,0.35904028692674644
2024-12-24 18:24:24.802985,,,0.36050849711112465
2024-12-24 18:24:24.837967,,,0.36478452485809143
2024-12-24 18:24:24.870967,,,0.34799700447450654
2024-12-24 18:24:24.903504,,,0.37447013890928815
2024-12-24 18:24:24.937613,,,0.35506874590373527
2024-12-24 18:24:24.971614,,,0.3803153874093893
2024-12-24 18:24:25.009261,,,0.36836051375696105
2024-12-24 18:24:25.045258,,,0.3612564377912226
2024-12-24 18:24:25.077396,,,0.3803153874093893
2024-12-24 18:24:25.111059,,,0.35354712748905487
2024-12-24 18:24:25.147040,,,0.3803153874093893
2024-12-24 18:24:25.185045,,,0.3898642884698783
2024-12-24 18:24:25.218706,,,0.3645159201001854
2024-12-24 18:24:25.250706,,,0.3526366968669916
2024-12-24 18:24:25.287740,,,0.3801104916389806
2024-12-24 18:24:25.321967,,,0.3911549346693456
2024-12-24 18:24:25.356967,,,0.35181906170735955
2024-12-24 18:24:25.393510,,,0.36836051375696105
2024-12-24 18:24:25.426751,,,0.36822763297692246
2024-12-24 18:24:25.459734,,,0.38049070721638456
2024-12-24 18:24:25.492369,,,0.38140113783844787
2024-12-24 18:24:25.526353,,,0.3948666475460826
2024-12-24 18:24:25.566350,,,0.3795956310125806
2024-12-24 18:24:25.601403,,,0.38140113783844787
2024-12-24 18:24:25.635401,,,0.41260211281812686
2024-12-24 18:24:25.667402,,,0.35046551544984966
2024-12-24 18:24:25.700727,,,0.36459157051941987
2024-12-24 18:24:25.735832,,,0.38049070721638456
2024-12-24 18:24:25.771820,,,0.3658065662996527
2024-12-24 18:24:25.806569,,,0.3968133352540175
2024-12-24 18:24:25.839562,,,0.3972414961950419
2024-12-24 18:24:25.874482,,,0.3658065662996527
2024-12-24 18:24:25.908838,,,0.3968133352540175
2024-12-24 18:24:25.943752,,,0.38049070721638456
2024-12-24 18:24:25.977948,,,0.39263853520748443
2024-12-24 18:24:26.013121,,,0.38132548741921335
2024-12-24 18:24:26.049128,,,0.39390566867599464
2024-12-24 18:24:26.084841,,,0.37927207600728746
2024-12-24 18:24:26.124960,,,0.3949958928972569
2024-12-24 18:24:26.157945,,,0.36822763297692246
2024-12-24 18:24:26.192456,,,0.35385169264722444
2024-12-24 18:24:26.224035,,,0.37927207600728746
2024-12-24 18:24:26.256933,,,0.3968133352540175
2024-12-24 18:24:26.293232,,,0.3839514498668919
2024-12-24 18:24:26.329210,,,0.4089660503606243
2024-12-24 18:24:26.364209,,,0.3692709443790243
2024-12-24 18:24:26.399727,,,0.3661742261705535
2024-12-24 18:24:26.438737,,,0.3968133352540175
2024-12-24 18:24:26.476724,,,0.3772186692009185
2024-12-24 18:24:26.512237,,,0.38121876371522234
2024-12-24 18:24:26.547239,,,0.35385169264722444
2024-12-24 18:24:26.582366,,,0.3979216073302593
2024-12-24 18:24:26.620857,,,0.3979216073302593
2024-12-24 18:24:26.658859,,,0.3817992261705535
2024-12-24 18:24:26.703397,,,0.4078577782843825
2024-12-24 18:24:26.740379,,,0.3520182373147639
2024-12-24 18:24:26.779382,,,0.39613106163464384
2024-12-24 18:24:26.817453,,,0.4067495062081407
2024-12-24 18:24:26.852452,,,0.3673892219507863
2024-12-24 18:24:26.889475,,,0.3661742261705535
2024-12-24 18:24:26.927544,,,0.36746739070646317
2024-12-24 18:24:26.961530,,,0.3968133352540175
2024-12-24 18:24:26.997601,,,0.3694426287571553
2024-12-24 18:24:27.034600,,,0.3801104916389806
2024-12-24 18:24:27.070601,,,0.3685575322228791
2024-12-24 18:24:27.106113,,,0.3685575322228791
2024-12-24 18:24:27.145114,,,0.3658065662996527
2024-12-24 18:24:27.183115,,,0.36488106163464384
2024-12-24 18:24:27.220642,,,0.3968133352540175
2024-12-24 18:24:27.258643,,,0.3526366540897051
2024-12-24 18:24:27.298221,,,0.34925606163464384
2024-12-24 18:24:27.337203,,,0.3825094099146896
2024-12-24 18:24:27.372218,,,0.3618776183511155
2024-12-24 18:24:27.404819,,,0.37612844497965625
2024-12-24 18:24:27.440286,,,0.39155050466500885
2024-12-24 18:24:27.475623,,,0.3500740753447899
2024-12-24 18:24:27.510672,,,0.2760104587159805
2024-12-24 18:24:27.546414,2024-12-24 18:24:27.620990,0.074576,0.2957890764128595
2024-12-24 18:24:27.620990,,,0.2957890764128595
2024-12-24 18:24:27.655756,,,0.3121957153879513
2024-12-24 18:24:27.694304,,,0.3293648822764107
2024-12-24 18:24:27.734330,,,0.3603309331262137
2024-12-24 18:24:27.770330,,,0.3520964060704408
2024-12-24 18:24:27.804801,,,0.3658065662996527
2024-12-24 18:24:27.839818,,,0.38140113783844787
2024-12-24 18:24:27.877825,,,0.3768510093300177
2024-12-24 18:24:27.917420,,,0.35354712748905487
2024-12-24 18:24:27.954099,,,0.3682860454066952
2024-12-24 18:24:27.987204,,,0.3758975945402464
2024-12-24 18:24:28.019798,,,0.37336012640984884
2024-12-24 18:24:28.060374,,,0.42226548345835074
2024-12-24 18:24:28.096023,,,0.3547621232692877
2024-12-24 18:24:28.128389,,,0.36822763297692246
2024-12-24 18:24:28.160456,,,0.36822763297692246
2024-12-24 18:24:28.196079,,,0.3827948665164318
2024-12-24 18:24:28.231179,,,0.35354712748905487
2024-12-24 18:24:28.263078,,,0.3658065662996527
2024-12-24 18:24:28.297735,,,0.37576078510875544
2024-12-24 18:24:28.332783,,,0.36822763297692246
2024-12-24 18:24:28.365835,,,0.35354712748905487
2024-12-24 18:24:28.398753,,,0.35385169264722444
2024-12-24 18:24:28.432690,,,0.34417079981224463
2024-12-24 18:24:28.466705,,,0.36709721249912
2024-12-24 18:24:28.502245,,,0.36526379554849026
2024-12-24 18:24:28.535229,,,0.36489613567758944
2024-12-24 18:24:28.568335,,,0.3547621232692877
2024-12-24 18:24:28.602093,,,0.3658065662996527
2024-12-24 18:24:28.635982,,,0.38049070721638456
2024-12-24 18:24:28.670016,,,0.3636054894781222
2024-12-24 18:24:28.705510,,,0.36707104962646236
2024-12-24 18:24:28.740508,,,0.36489613567758944
2024-12-24 18:24:28.773509,,,0.3770439636686893
2024-12-24 18:24:28.807113,,,0.3645159201001854
2024-12-24 18:24:28.839008,,,0.3492120002547393
2024-12-24 18:24:28.872023,,,0.35385169264722444
2024-12-24 18:24:28.906568,,,0.37576078510875544
2024-12-24 18:24:28.939825,,,0.3684568485931491
2024-12-24 18:24:28.974145,,,0.35385169264722444
2024-12-24 18:24:29.008065,,,0.3955437068135799
2024-12-24 18:24:29.041052,,,0.3589732647251705
2024-12-24 18:24:29.074063,,,0.36489613567758944
2024-12-24 18:24:29.107717,,,0.3661867818770568
2024-12-24 18:24:29.140716,,,0.3541583152816721
2024-12-24 18:24:29.174721,,,0.36489613567758944
2024-12-24 18:24:29.208639,,,0.36610489533907425
2024-12-24 18:24:29.242534,,,0.36746739070646317
2024-12-24 18:24:29.276646,,,0.28125
2024-12-24 18:24:29.313190,2024-12-24 18:24:29.351269,0.038079,0.25981923872341667
2024-12-24 18:24:29.351269,,,0.25981923872341667
2024-12-24 18:24:29.385631,,,0.2653815723103611
2024-12-24 18:24:29.418062,,,0.32040421265948116
2024-12-24 18:24:29.453977,,,0.32779028692674644
2024-12-24 18:24:29.493038,,,0.3440786506224648
2024-12-24 18:24:29.528496,,,0.3505284155078922
2024-12-24 18:24:29.562398,,,0.3372123679040856
2024-12-24 18:24:29.595893,,,0.3505284155078922
2024-12-24 18:24:29.630155,,,0.3512890711250227
2024-12-24 18:24:29.668088,,,0.3500740753447899
2024-12-24 18:24:29.703700,,,0.35327938143111864
2024-12-24 18:24:29.739694,,,0.33548432819442064
2024-12-24 18:24:29.773698,,,0.3599657915917553
2024-12-24 18:24:29.813494,,,0.364896092900303
2024-12-24 18:24:29.848585,,,0.353851649869938
2024-12-24 18:24:29.885808,,,0.3368227812595822
2024-12-24 18:24:29.924325,,,0.3879825362363306
2024-12-24 18:24:29.957326,,,0.35354712748905487
2024-12-24 18:24:29.991329,,,0.3661742261705535
2024-12-24 18:24:30.026853,,,0.29971236790408556
2024-12-24 18:24:30.060838,2024-12-24 18:24:30.210457,0.149619,0.28740996737856794
2024-12-24 18:24:30.210457,,,0.28740996737856794
2024-12-24 18:24:30.247455,,,0.3269184182365106
2024-12-24 18:24:30.287462,,,0.3353935698569223
2024-12-24 18:24:30.323987,,,0.3394285187685617
2024-12-24 18:24:30.359987,,,0.35181906170735955
2024-12-24 18:24:30.402513,,,0.3394839724775272
2024-12-24 18:24:30.442511,,,0.36746739070646317
2024-12-24 18:24:30.478514,,,0.3755603631305504
2024-12-24 18:24:30.513120,,,0.36709721249912
2024-12-24 18:24:30.554121,,,0.3825094099146896
2024-12-24 18:24:30.595184,,,0.3755603631305504
2024-12-24 18:24:30.638734,,,0.36709721249912
2024-12-24 18:24:30.677731,,,0.36489613567758944
2024-12-24 18:24:30.720254,,,0.3768510093300177
2024-12-24 18:24:30.770256,,,0.37576078510875544
2024-12-24 18:24:30.804806,,,0.36489613567758944
2024-12-24 18:24:30.846788,,,0.3661742261705535
2024-12-24 18:24:30.884790,,,0.3612564377912226
2024-12-24 18:24:30.920066,,,0.3661867818770568
2024-12-24 18:24:30.954064,,,0.3661867818770568
2024-12-24 18:24:30.992086,,,0.3602564432851043
2024-12-24 18:24:31.028618,,,0.3661867818770568
2024-12-24 18:24:31.067620,,,0.3661742261705535
2024-12-24 18:24:31.109147,,,0.3661742261705535
2024-12-24 18:24:31.147162,,,0.3658065662996527
2024-12-24 18:24:31.185155,,,0.3661742261705535
2024-12-24 18:24:31.226256,,,0.3658065662996527
2024-12-24 18:24:31.266274,,,0.3658065662996527
2024-12-24 18:24:31.303332,,,0.4116163326541207
2024-12-24 18:24:31.344333,,,0.3972414961950419
2024-12-24 18:24:31.385382,,,0.3984564919752747
2024-12-24 18:24:31.425873,,,0.378141655529485
2024-12-24 18:24:31.464868,,,0.379024741209922
2024-12-24 18:24:31.500382,,,0.3462948014869409
2024-12-24 18:24:31.536039,,,0.2965707153879513
2024-12-24 18:24:31.575050,2024-12-24 18:24:31.615599,0.040549,0.3121957153879513
2024-12-24 18:24:31.615599,,,0.3121957153879513
2024-12-24 18:24:31.651600,,,0.2653815723103611
2024-12-24 18:24:31.685619,,,0.3143877780362851
2024-12-24 18:24:31.721919,,,0.326583705163257
2024-12-24 18:24:31.756920,,,0.3514937206826859
2024-12-24 18:24:31.797950,,,0.3603309331262137
2024-12-24 18:24:31.833463,,,0.36709721249912
2024-12-24 18:24:31.869464,,,0.36709721249912
2024-12-24 18:24:31.905981,,,0.364814249139607
2024-12-24 18:24:31.940978,,,0.36488106163464384
2024-12-24 18:24:31.978978,,,0.3968133352540175
2024-12-24 18:24:32.015428,,,0.38050606163464384
2024-12-24 18:24:32.054429,,,0.3801104916389806
2024-12-24 18:24:32.088434,,,0.3968133352540175
2024-12-24 18:24:32.124945,,,0.36488106163464384
2024-12-24 18:24:32.162946,,,0.36488106163464384
2024-12-24 18:24:32.201386,,,0.3959029046319542
2024-12-24 18:24:32.239998,,,0.36488106163464384
2024-12-24 18:24:32.274802,,,0.3661742261705535
2024-12-24 18:24:32.310576,,,0.3805842303903207
2024-12-24 18:24:32.344577,,,0.3968133352540175
2024-12-24 18:24:32.381019,,,0.3986841316657842
2024-12-24 18:24:32.415488,,,0.38169314268455723
2024-12-24 18:24:32.448780,,,0.3839514498668919
2024-12-24 18:24:32.482026,,,0.38412313424502287
2024-12-24 18:24:32.515455,,,0.2788470508005519
2024-12-24 18:24:32.548457,,,0.25960244056456433
2024-12-24 18:24:32.581460,2024-12-24 18:24:32.615966,0.034506,0.2965707153879513
2024-12-24 18:24:32.615966,,,0.2965707153879513
2024-12-24 18:24:32.654953,,,0.27550129671540813
2024-12-24 18:24:32.689040,,,0.3037477548969587
2024-12-24 18:24:32.722533,,,0.3353935698569223
2024-12-24 18:24:32.756967,,,0.36709721249912
2024-12-24 18:24:32.790996,,,0.3616240976621234
2024-12-24 18:24:32.824545,,,0.3616240976621234
2024-12-24 18:24:32.858544,,,0.3658065662996527
2024-12-24 18:24:32.897384,,,0.3768510093300177
2024-12-24 18:24:32.931519,,,0.36709721249912
2024-12-24 18:24:32.964429,,,0.3768510093300177
2024-12-24 18:24:32.998963,,,0.3768510093300177
2024-12-24 18:24:33.033080,,,0.3800037679349896
2024-12-24 18:24:33.066079,,,0.3768510093300177
2024-12-24 18:24:33.099695,,,0.36836051375696105
2024-12-24 18:24:33.137719,,,0.35385169264722444
2024-12-24 18:24:33.172701,,,0.33242881361498033
2024-12-24 18:24:33.205495,2024-12-24 18:24:33.238390,0.032895,0.27247569323996446
2024-12-24 18:24:33.238390,,,0.27247569323996446
2024-12-24 18:24:33.272408,,,0.2607883451364865
2024-12-24 18:24:33.307302,,,0.2953175349207925
2024-12-24 18:24:33.342382,,,0.32396834313225287
2024-12-24 18:24:33.376380,,,0.33602921265948116
2024-12-24 18:24:33.408133,,,0.3348142168792483
2024-12-24 18:24:33.442052,,,0.353851649869938
2024-12-24 18:24:33.477069,,,0.353851649869938
2024-12-24 18:24:33.517726,,,0.353851649869938
2024-12-24 18:24:33.551623,,,0.3645159201001854
2024-12-24 18:24:33.583729,,,0.3526366540897051
2024-12-24 18:24:33.617141,,,0.3658065662996527
2024-12-24 18:24:33.652327,,,0.363666065854411
2024-12-24 18:24:33.690372,,,0.353851649869938
2024-12-24 18:24:33.724892,,,0.3645159201001854
2024-12-24 18:24:33.757883,,,0.35354712748905487
2024-12-24 18:24:33.794992,,,0.3526366968669916
2024-12-24 18:24:33.830866,,,0.34671382591457267
2024-12-24 18:24:33.864760,,,0.3658065662996527
2024-12-24 18:24:33.898823,,,0.3803153874093893
2024-12-24 18:24:33.932327,,,0.36330092431995265
2024-12-24 18:24:33.966267,,,0.37685100933001775
2024-12-24 18:24:33.998838,,,0.3658065662996527
2024-12-24 18:24:34.032124,,,0.36709721249912
2024-12-24 18:24:34.065854,,,0.38140113783844787
2024-12-24 18:24:34.097860,,,0.3657309158804183
2024-12-24 18:24:34.132002,,,0.3658065662996527
2024-12-24 18:24:34.166017,,,0.3658065662996527
2024-12-24 18:24:34.199119,,,0.3645159201001854
2024-12-24 18:24:34.234365,,,0.3526366968669916
2024-12-24 18:24:34.267523,,,0.3685575322228791
2024-12-24 18:24:34.301661,,,0.3742697169310832
2024-12-24 18:24:34.335669,,,0.3803153874093893
2024-12-24 18:24:34.369049,,,0.3949958928972569
2024-12-24 18:24:34.402736,,,0.3825094099146896
2024-12-24 18:24:34.437738,,,0.37722118753736095
2024-12-24 18:24:34.472738,,,0.3935538529450547
2024-12-24 18:24:34.509462,,,0.38064709013361875
2024-12-24 18:24:34.543457,,,0.42437824777619393
2024-12-24 18:24:34.576448,,,0.39535297248656
2024-12-24 18:24:34.610910,,,0.4077866516353308
2024-12-24 18:24:34.644919,,,0.3980283310342503
2024-12-24 18:24:34.677192,,,0.3928436692009185
2024-12-24 18:24:34.711812,,,0.38290966073095156
2024-12-24 18:24:34.744814,,,0.3692709443790243
2024-12-24 18:24:34.779896,,,0.3692709443790243
2024-12-24 18:24:34.813387,,,0.38121876371522234
2024-12-24 18:24:34.846531,,,0.36709721249912
2024-12-24 18:24:34.880638,,,0.3801104916389806
2024-12-24 18:24:34.914651,,,0.3795568659123565
2024-12-24 18:24:34.947629,,,0.3830142219507863
2024-12-24 18:24:34.983656,,,0.38049070721638456
2024-12-24 18:24:35.018813,,,0.3972414961950419
2024-12-24 18:24:35.052798,,,0.38140113783844787
2024-12-24 18:24:35.087850,,,0.3801104916389806
2024-12-24 18:24:35.121356,,,0.3658065662996527
2024-12-24 18:24:35.155357,,,0.36709721249912
2024-12-24 18:24:35.188400,,,0.36709721249912
2024-12-24 18:24:35.220942,,,0.3816164961950419
2024-12-24 18:24:35.252041,,,0.3661742261705535
2024-12-24 18:24:35.286959,,,0.35173238141515795
2024-12-24 18:24:35.323384,,,0.3661742261705535
2024-12-24 18:24:35.358273,,,0.38140113783844787
2024-12-24 18:24:35.393278,,,0.378141655529485
2024-12-24 18:24:35.429787,,,0.3658065662996527
2024-12-24 18:24:35.466787,,,0.378141655529485
2024-12-24 18:24:35.502296,,,0.3926609392254069
2024-12-24 18:24:35.543306,,,0.3658065662996527
2024-12-24 18:24:35.584302,,,0.3658065662996527
2024-12-24 18:24:35.623515,,,0.36125643779122263
2024-12-24 18:24:35.658515,,,0.35354712748905487
2024-12-24 18:24:35.693521,,,0.3755603631305504
2024-12-24 18:24:35.729027,,,0.3547621232692877
2024-12-24 18:24:35.765030,,,0.3645159201001854
2024-12-24 18:24:35.801035,,,0.3673892219507863
2024-12-24 18:24:35.839550,,,0.3526429329857397
2024-12-24 18:24:35.879548,,,0.36746739070646317
2024-12-24 18:24:35.917068,,,0.3649592303903207
2024-12-24 18:24:35.954067,,,0.3661742261705535
2024-12-24 18:24:35.993097,,,0.378141655529485
2024-12-24 18:24:36.033647,,,0.3768510093300177
2024-12-24 18:24:36.071647,,,0.36526379554849026
2024-12-24 18:24:36.108799,,,0.3785118337368282
2024-12-24 18:24:36.150802,,,0.378141655529485
2024-12-24 18:24:36.189805,,,0.3482490583005269
2024-12-24 18:24:36.226327,,,0.3661742261705535
2024-12-24 18:24:36.265309,,,0.3547621232692877
2024-12-24 18:24:36.299318,,,0.3682860454066952
2024-12-24 18:24:36.334827,,,0.35506874590373527
2024-12-24 18:24:36.367828,,,0.3494498799410808
2024-12-24 18:24:36.402849,,,0.37079256279370476
2024-12-24 18:24:36.438418,,,0.3963080472802901
2024-12-24 18:24:36.474402,,,0.36647255520997507
2024-12-24 18:24:36.508989,,,0.3795956310125806
2024-12-24 18:24:36.542975,,,0.3639706310125806
2024-12-24 18:24:36.577974,,,0.3193727548969587
2024-12-24 18:24:36.614487,,,0.3524167070112524
2024-12-24 18:24:36.649360,,,0.314363883008419
2024-12-24 18:24:36.686365,,,0.34653433554195934
2024-12-24 18:24:36.722884,,,0.3346326133625003
2024-12-24 18:24:36.765885,,,0.36526379554849026
2024-12-24 18:24:36.807398,,,0.3526366540897051
2024-12-24 18:24:36.843398,,,0.3631408491008058
2024-12-24 18:24:36.884465,,,0.37592550466500885
2024-12-24 18:24:36.927987,,,0.3768510093300177
2024-12-24 18:24:36.966983,,,0.39492505997585536
2024-12-24 18:24:37.015302,,,0.3801104916389806
2024-12-24 18:24:37.055320,,,0.36459157051941987
2024-12-24 18:24:37.100306,,,0.35294955562018726
2024-12-24 18:24:37.140819,,,0.3529412192478747
2024-12-24 18:24:37.175819,,,0.34487154431180567
2024-12-24 18:24:37.218359,,,0.3639706310125806
2024-12-24 18:24:37.259357,,,0.3595829924461158
2024-12-24 18:24:37.299388,,,0.3755603631305504
2024-12-24 18:24:37.338897,,,0.37592550466500885
2024-12-24 18:24:37.373897,,,0.37592550466500885
2024-12-24 18:24:37.411434,,,0.364896092900303
2024-12-24 18:24:37.449431,,,0.37592550466500885
2024-12-24 18:24:37.485416,,,0.35354712748905487
2024-12-24 18:24:37.521930,,,0.364896092900303
2024-12-24 18:24:37.562947,,,0.3605844538152058
2024-12-24 18:24:37.601576,,,0.34936547506665594
2024-12-24 18:24:37.640615,,,0.3068421146967332
2024-12-24 18:24:37.677674,,,0.3125243660104161
2024-12-24 18:24:37.712448,,,0.32974681515837445
2024-12-24 18:24:37.745841,,,0.3502909797316648
2024-12-24 18:24:37.779842,,,0.3616240976621234
2024-12-24 18:24:37.815355,,,0.3514937206826859
2024-12-24 18:24:37.848368,,,0.3629172621980331
2024-12-24 18:24:37.886292,,,0.36488106163464384
2024-12-24 18:24:37.920972,,,0.33765456131504523
2024-12-24 18:24:37.956076,,,0.3109891336244619
2024-12-24 18:24:37.990447,2024-12-24 18:24:38.056776,0.066329,0.29133117410393183
2024-12-24 18:24:38.056776,,,0.29133117410393183
2024-12-24 18:24:38.090705,,,0.2996590491648701
2024-12-24 18:24:38.129281,,,0.3045087113913807
2024-12-24 18:24:38.166302,,,0.34341528692674644
2024-12-24 18:24:38.204016,,,0.3618502029013385
2024-12-24 18:24:38.237475,,,0.3475462775620107
2024-12-24 18:24:38.271370,,,0.3483015268553896
2024-12-24 18:24:38.304101,,,0.3661867818770568
2024-12-24 18:24:38.337213,,,0.34951862288918695
2024-12-24 18:24:38.376518,,,0.37576078510875544
2024-12-24 18:24:38.410090,,,0.38192235830078386
2024-12-24 18:24:38.443090,,,0.3770829942809206
2024-12-24 18:24:38.476091,,,0.41311848442525495
2024-12-24 18:24:38.507946,,,0.3976461751907533
2024-12-24 18:24:38.542945,,,0.4259803698123805
2024-12-24 18:24:38.576942,,,0.3795956310125806
2024-12-24 18:24:38.610665,,,0.3793304884370602
2024-12-24 18:24:38.644569,,,0.39479463255571245
2024-12-24 18:24:38.679805,,,0.36949480506818
2024-12-24 18:24:38.713630,,,0.40965498377205134
2024-12-24 18:24:38.747633,,,0.37840498377205134
2024-12-24 18:24:38.779904,,,0.3795012916235141
2024-12-24 18:24:38.813439,,,0.39402998377205134
2024-12-24 18:24:38.847806,,,0.37857578695850524
2024-12-24 18:24:38.880813,,,0.39492505997585536
2024-12-24 18:24:38.914472,,,0.3636054894781222
2024-12-24 18:24:38.945827,,,0.3948431734378729
2024-12-24 18:24:38.979947,,,0.410437744976668
2024-12-24 18:24:39.013834,,,0.38088879554849026
2024-12-24 18:24:39.048847,,,0.39420078695850524
2024-12-24 18:24:39.082830,,,0.3792000610169173
2024-12-24 18:24:39.117574,,,0.37961374343353615
2024-12-24 18:24:39.150667,,,0.3914414819152189
2024-12-24 18:24:39.186573,,,0.3636054894781222
2024-12-24 18:24:39.220241,,,0.37857578695850524
2024-12-24 18:24:39.253242,,,0.39236698658022773
2024-12-24 18:24:39.287251,,,0.36786569047510437
2024-12-24 18:24:39.323886,,,0.3636054894781222
2024-12-24 18:24:39.357078,,,0.3798689514944149
2024-12-24 18:24:39.391041,,,0.3685843316688303
2024-12-24 18:24:39.424366,,,0.3816994668778694
2024-12-24 18:24:39.457375,,,0.3639706310125806
2024-12-24 18:24:39.492556,,,0.42226548345835074
2024-12-24 18:24:39.527105,,,0.3963491779939342
2024-12-24 18:24:39.562430,,,0.3782106454240468
2024-12-24 18:24:39.597493,,,0.36724185281291627
2024-12-24 18:24:39.632005,,,0.37961374343353615
2024-12-24 18:24:39.665991,,,0.3687634712275967
2024-12-24 18:24:39.700014,,,0.3986841316657842
2024-12-24 18:24:39.739560,,,0.3682798092879472
2024-12-24 18:24:39.775667,,,0.38030833309315915
2024-12-24 18:24:39.808120,,,0.3951404183324494
2024-12-24 18:24:39.841488,,,0.396204135238551
2024-12-24 18:24:39.874661,,,0.36526379554849026
2024-12-24 18:24:39.909117,,,0.3526366968669916
2024-12-24 18:24:39.944226,,,0.36822763297692246
2024-12-24 18:24:39.977227,,,0.39518656712251143
2024-12-24 18:24:40.011147,,,0.3547621232692877
2024-12-24 18:24:40.046104,,,0.3692709443790243
2024-12-24 18:24:40.081610,,,0.33242881361498033
2024-12-24 18:24:40.117677,,,0.3163790345707522
2024-12-24 18:24:40.155676,,,0.2981148822764107
2024-12-24 18:24:40.192722,,,0.306055891291268
2024-12-24 18:24:40.231789,,,0.3121957153879513
2024-12-24 18:24:40.268915,,,0.33940980511454244
2024-12-24 18:24:40.307111,,,0.3772186692009185
2024-12-24 18:24:40.344113,,,0.37592550466500885
2024-12-24 18:24:40.378113,,,0.378141655529485
2024-12-24 18:24:40.414421,,,0.3926609392254069
2024-12-24 18:24:40.451649,,,0.410337257391425
2024-12-24 18:24:40.487277,,,0.36459157051941987
2024-12-24 18:24:40.523792,,,0.39474268585262984
2024-12-24 18:24:40.561792,,,0.39491348903908374
2024-12-24 18:24:40.596798,,,0.410337257391425
2024-12-24 18:24:40.632306,,,0.4119220016829095
2024-12-24 18:24:40.670308,,,0.40819102884015235
2024-12-24 18:24:40.708726,,,0.410337257391425
2024-12-24 18:24:40.748727,,,0.4092993009163941
2024-12-24 18:24:40.793233,,,0.3974753720042994
2024-12-24 18:24:40.829726,,,0.4097274618574185
2024-12-24 18:24:40.872727,,,0.4067675540631202
2024-12-24 18:24:40.910239,,,0.42251873791568306
2024-12-24 18:24:40.945239,,,0.3976461751907533
2024-12-24 18:24:40.981243,,,0.3851664456471247
2024-12-24 18:24:41.017348,,,0.3980032547800564
2024-12-24 18:24:41.059349,,,0.3959029046319542
2024-12-24 18:24:41.101307,,,0.4114938407418851
2024-12-24 18:24:41.141819,,,0.3794973059114939
2024-12-24 18:24:41.179817,,,0.3951404183324494
2024-12-24 18:24:41.216335,,,0.3817569100414009
2024-12-24 18:24:41.252335,,,0.36836051375696105
2024-12-24 18:24:41.294344,,,0.3960333320520971
2024-12-24 18:24:41.330850,,,0.3806800261261919
2024-12-24 18:24:41.366850,,,0.36836051375696105
2024-12-24 18:24:41.406398,,,0.3805083417480609
2024-12-24 18:24:41.446404,,,0.37922516318812705
2024-12-24 18:24:41.481404,,,0.368532198135092
2024-12-24 18:24:41.515884,,,0.36471634207839043
2024-12-24 18:24:41.550888,,,0.3639706310125806
2024-12-24 18:24:41.584901,,,0.39595144551411465
2024-12-24 18:24:41.629766,,,0.3505284155078922
2024-12-24 18:24:41.663836,,,0.3798689514944149
2024-12-24 18:24:41.695963,,,0.36489613567758944
2024-12-24 18:24:41.730935,,,0.3795012916235141
2024-12-24 18:24:41.763954,,,0.34960291084288336
2024-12-24 18:24:41.801014,,,0.39163278680330726
2024-12-24 18:24:41.834325,,,0.3782106454240468
2024-12-24 18:24:41.869321,,,0.37956156712251143
2024-12-24 18:24:41.901647,,,0.37611845900368046
2024-12-24 18:24:41.935422,,,0.37447013890928815
2024-12-24 18:24:41.969525,,,0.36508904723897456
2024-12-24 18:24:42.002921,,,0.36471634207839043
2024-12-24 18:24:42.037568,,,0.3770439636686893
2024-12-24 18:24:42.071481,,,0.3673755720073455
2024-12-24 18:24:42.105517,,,0.3816291661843103
2024-12-24 18:24:42.140960,,,0.38192235830078386
2024-12-24 18:24:42.175944,,,0.3774116235395901
2024-12-24 18:24:42.207049,,,0.3770439636686893
2024-12-24 18:24:42.241583,,,0.36489613567758944
2024-12-24 18:24:42.277603,,,0.3770439636686893
2024-12-24 18:24:42.313257,,,0.36508904723897456
2024-12-24 18:24:42.347243,,,0.3897931618208266
2024-12-24 18:24:42.381202,,,0.37961374343353615
2024-12-24 18:24:42.413983,,,0.3541499789093595
2024-12-24 18:24:42.448009,,,0.37857578695850524
2024-12-24 18:24:42.481981,,,0.3795012916235141
2024-12-24 18:24:42.516639,,,0.365022964712838
2024-12-24 18:24:42.551914,,,0.3842357804620984
2024-12-24 18:24:42.585900,,,0.37961374343353615
2024-12-24 18:24:42.620411,,,0.37857578695850524
2024-12-24 18:24:42.653527,,,0.3639706310125806
2024-12-24 18:24:42.686886,,,0.34936547506665594
2024-12-24 18:24:42.719733,,,0.39420078695850524
2024-12-24 18:24:42.752629,,,0.3529412192478747
2024-12-24 18:24:42.785963,,,0.3682798092879472
2024-12-24 18:24:42.819373,,,0.37183093862009553
2024-12-24 18:24:42.853391,,,0.2992329804988043
2024-12-24 18:24:42.887388,,,0.25192352540027596
2024-12-24 18:24:42.921006,,,0.2651077161595173
2024-12-24 18:24:42.953990,,,0.31189143077590264
2024-12-24 18:24:42.987512,,,0.3137398822764107
2024-12-24 18:24:43.020987,,,0.3541583152816721
2024-12-24 18:24:43.054084,,,0.34627255021258163
2024-12-24 18:24:43.087699,,,0.35768261852570327
2024-12-24 18:24:43.121765,,,0.37612844497965625
2024-12-24 18:24:43.158662,,,0.3661742261705535
2024-12-24 18:24:43.195881,,,0.364814249139607
2024-12-24 18:24:43.232383,,,0.37840498377205134
2024-12-24 18:24:43.267343,,,0.3638058686790407
2024-12-24 18:24:43.303396,,,0.36526379554849026
2024-12-24 18:24:43.342542,,,0.38191482523446346
2024-12-24 18:24:43.380542,,,0.36489613567758944
2024-12-24 18:24:43.419278,,,0.38070606557297865
2024-12-24 18:24:43.453248,,,0.3794973059114939
2024-12-24 18:24:43.491353,,,0.3792819475548998
2024-12-24 18:24:43.529766,,,0.36489613567758944
2024-12-24 18:24:43.570767,,,0.38088879554849026
2024-12-24 18:24:43.609135,,,0.39492505997585536
2024-12-24 18:24:43.645787,,,0.3804870717875203
2024-12-24 18:24:43.683802,,,0.3526366968669916
2024-12-24 18:24:43.729342,,,0.3792000610169173
2024-12-24 18:24:43.770327,,,0.36522791084288336
2024-12-24 18:24:43.806955,,,0.3684568485931491
2024-12-24 18:24:43.847468,,,0.39259645730135717
2024-12-24 18:24:43.886473,,,0.36836051375696105
2024-12-24 18:24:43.923984,,,0.349237769308425
2024-12-24 18:24:43.963981,,,0.39388710350082445
2024-12-24 18:24:44.008986,,,0.3636054894781222
2024-12-24 18:24:44.046499,,,0.38070606557297865
2024-12-24 18:24:44.080652,,,0.4118174404630747
2024-12-24 18:24:44.116248,,,0.3671517540954763
2024-12-24 18:24:44.154251,,,0.37447013890928815
2024-12-24 18:24:44.190644,,,0.379465030345959
2024-12-24 18:24:44.229166,,,0.3673755720073455
2024-12-24 18:24:44.270370,,,0.3526366968669916
2024-12-24 18:24:44.311609,,,0.3698014277026276
2024-12-24 18:24:44.343727,,,0.39595144551411465
2024-12-24 18:24:44.377705,,,0.3809069079694458
2024-12-24 18:24:44.412401,,,0.3900647104480833
2024-12-24 18:24:44.447382,,,0.3798689514944149
2024-12-24 18:24:44.481397,,,0.39163278680330726
2024-12-24 18:24:44.515171,,,0.3904602804437466
2024-12-24 18:24:44.552171,,,0.3798689514944149
2024-12-24 18:24:44.588169,,,0.3903396222673976
2024-12-24 18:24:44.625685,,,0.3795012916235141
2024-12-24 18:24:44.662687,,,0.390158303355285
2024-12-24 18:24:44.698692,,,0.3782106454240468
2024-12-24 18:24:44.734973,,,0.36489613567758944
2024-12-24 18:24:44.771972,,,0.3748352804437466
2024-12-24 18:24:44.808002,,,0.3903396222673976
2024-12-24 18:24:44.844087,,,0.36647255520997507
2024-12-24 18:24:44.884091,,,0.3636054894781222
2024-12-24 18:24:44.926233,,,0.37611845900368046
2024-12-24 18:24:44.965234,,,0.37611845900368046
2024-12-24 18:24:45.001906,,,0.3748352804437466
2024-12-24 18:24:45.041417,,,0.390158303355285
2024-12-24 18:24:45.081414,,,0.37840498377205134
2024-12-24 18:24:45.117831,,,0.379698148307961
2024-12-24 18:24:45.152830,,,0.36647255520997507
2024-12-24 18:24:45.189418,,,0.3553670749431569
2024-12-24 18:24:45.225553,,,0.35294955562018726
2024-12-24 18:24:45.261555,,,0.3149797645528214
2024-12-24 18:24:45.297552,,,0.26118541132252304
2024-12-24 18:24:45.339936,,,0.26922113128140657
2024-12-24 18:24:45.380180,,,0.3201337113913807
2024-12-24 18:24:45.415016,,,0.3149797645528214
2024-12-24 18:24:45.451899,,,0.33374047506665594
2024-12-24 18:24:45.485900,,,0.3661867390997703
2024-12-24 18:24:45.521929,,,0.350896075378793
2024-12-24 18:24:45.556931,,,0.3529412192478747
2024-12-24 18:24:45.590947,,,0.36276187135109583
2024-12-24 18:24:45.625998,,,0.33702657723344875
2024-12-24 18:24:45.662993,,,0.3764706310125806
2024-12-24 18:24:45.700012,,,0.34370593862009546
2024-12-24 18:24:45.735506,,,0.38312656924066124
2024-12-24 18:24:45.771861,,,0.3926609392254069
2024-12-24 18:24:45.807868,,,0.37979492959191574
2024-12-24 18:24:45.842405,,,0.3748352804437466
2024-12-24 18:24:45.883404,,,0.38030829031587265
2024-12-24 18:24:45.923947,,,0.3651793906740654
2024-12-24 18:24:45.960947,,,0.39420078695850524
2024-12-24 18:24:45.995947,,,0.4082160212317211
2024-12-24 18:24:46.031478,,,0.38050606163464384
2024-12-24 18:24:46.065480,,,0.37961374343353615
2024-12-24 18:24:46.099572,,,0.38050606163464384
2024-12-24 18:24:46.134663,,,0.39523874343353615
2024-12-24 18:24:46.170661,,,0.3506586396025656
2024-12-24 18:24:46.207837,,,0.2809457153879513
2024-12-24 18:24:46.243109,,,0.2996590491648701
2024-12-24 18:24:46.275109,,,0.27751985166768106
2024-12-24 18:24:46.309114,,,0.3430805738534929
2024-12-24 18:24:46.343740,,,0.3309090491648701
2024-12-24 18:24:46.378743,,,0.3383443996742626
2024-12-24 18:24:46.415849,,,0.3439579924461158
2024-12-24 18:24:46.452864,,,0.38088879554849026
2024-12-24 18:24:46.484943,,,0.3661742261705535
2024-12-24 18:24:46.519363,,,0.35506874590373527
2024-12-24 18:24:46.550902,,,0.36184768456489613
2024-12-24 18:24:46.588660,,,0.3661742261705535
2024-12-24 18:24:46.626212,,,0.3772186692009185
2024-12-24 18:24:46.662901,,,0.3772186692009185
2024-12-24 18:24:46.695916,,,0.3685575322228791
2024-12-24 18:24:46.729478,,,0.364896092900303
2024-12-24 18:24:46.763463,,,0.35506874590373527
2024-12-24 18:24:46.799463,,,0.38050606163464384
2024-12-24 18:24:46.833793,,,0.38030829031587265
2024-12-24 18:24:46.868775,,,0.36977252800311194
2024-12-24 18:24:46.903779,,,0.3964797316584211
2024-12-24 18:24:46.937390,,,0.39420078695850524
2024-12-24 18:24:46.972415,,,0.3954939514944149
2024-12-24 18:24:47.010502,,,0.3639706310125806
2024-12-24 18:24:47.047018,,,0.37857578695850524
2024-12-24 18:24:47.086018,,,0.3816164961950419
2024-12-24 18:24:47.120044,,,0.38088879554849026
2024-12-24 18:24:47.151150,,,0.39633106557297865
2024-12-24 18:24:47.184299,,,0.40965498377205134
2024-12-24 18:24:47.218712,,,0.3795956310125806
2024-12-24 18:24:47.252711,,,0.3651793906740654
2024-12-24 18:24:47.286711,,,0.34462474074195226
2024-12-24 18:24:47.322400,,,0.2651077161595173
2024-12-24 18:24:47.356399,,,0.25527248307729034
2024-12-24 18:24:47.388400,2024-12-24 18:24:47.421698,0.033298,0.2688150902231383
2024-12-24 18:24:47.421698,,,0.2688150902231383
2024-12-24 18:24:47.453803,,,0.2953175349207925
2024-12-24 18:24:47.487792,,,0.3037477548969587
2024-12-24 18:24:47.521544,,,0.31095926753815695
2024-12-24 18:24:47.555433,,,0.349237769308425
2024-12-24 18:24:47.590435,,,0.33979059511197485
2024-12-24 18:24:47.623974,,,0.3382689766972944
2024-12-24 18:24:47.657972,,,0.3397822587396623
2024-12-24 18:24:47.691971,,,0.3382689766972944
2024-12-24 18:24:47.725487,,,0.35628374168396815
2024-12-24 18:24:47.758503,,,0.35506045230870925
2024-12-24 18:24:47.791595,,,0.36340941473764266
2024-12-24 18:24:47.827027,,,0.36489613567758944
2024-12-24 18:24:47.861028,,,0.3661742261705535
2024-12-24 18:24:47.894618,,,0.36526379554849026
2024-12-24 18:24:47.927428,,,0.3816164961950419
2024-12-24 18:24:47.960429,,,0.3636054894781222
2024-12-24 18:24:47.995428,,,0.3529412192478747
2024-12-24 18:24:48.029999,,,0.35385169264722444
2024-12-24 18:24:48.063017,,,0.3636054894781222
2024-12-24 18:24:48.095999,,,0.36489613567758944
2024-12-24 18:24:48.129759,,,0.3547621232692877
2024-12-24 18:24:48.164761,,,0.3636054894781222
2024-12-24 18:24:48.198760,,,0.3645159201001854
2024-12-24 18:24:48.232962,,,0.3636054894781222
2024-12-24 18:24:48.266963,,,0.364814249139607
2024-12-24 18:24:48.300963,,,0.3780398422375929
2024-12-24 18:24:48.334613,,,0.3508116705043682
2024-12-24 18:24:48.366654,,,0.3541583152816721
2024-12-24 18:24:48.400981,,,0.3816164961950419
2024-12-24 18:24:48.433606,,,0.3541499789093595
2024-12-24 18:24:48.466734,,,0.3529412192478747
2024-12-24 18:24:48.499835,,,0.3529412192478747
2024-12-24 18:24:48.534302,,,0.36647255520997507
2024-12-24 18:24:48.569298,,,0.37576078510875544
2024-12-24 18:24:48.607324,,,0.3553670749431569
2024-12-24 18:24:48.642876,,,0.35384545652847643
2024-12-24 18:24:48.675474,,,0.36526379554849026
2024-12-24 18:24:48.708471,,,0.3780398422375929
2024-12-24 18:24:48.741135,,,0.37961374343353615
2024-12-24 18:24:48.780086,,,0.3639706310125806
2024-12-24 18:24:48.815091,,,0.36859266804114277
2024-12-24 18:24:48.853406,,,0.36610489533907425
2024-12-24 18:24:48.891305,,,0.39126512693240645
2024-12-24 18:24:48.922816,,,0.364814249139607
2024-12-24 18:24:48.955815,,,0.3636054894781222
2024-12-24 18:24:48.989831,2024-12-24 18:24:49.103595,0.113764,0.2653511438491562
2024-12-24 18:24:49.103595,,,0.2653511438491562
2024-12-24 18:24:49.139004,,,0.2903373679040856
2024-12-24 18:24:49.175004,,,0.29677370423833344
2024-12-24 18:24:49.214013,,,0.33062510001467316
2024-12-24 18:24:49.250785,,,0.3224214212875241
2024-12-24 18:24:49.287446,,,0.33955315933574737
2024-12-24 18:24:49.322956,,,0.340692732139012
2024-12-24 18:24:49.356960,,,0.36526379554849026
2024-12-24 18:24:49.392958,,,0.3505284155078922
2024-12-24 18:24:49.433491,,,0.33979059511197485
2024-12-24 18:24:49.470475,,,0.35506045230870925
2024-12-24 18:24:49.507484,,,0.36087615698202546
2024-12-24 18:24:49.546836,,,0.36030302300145123
2024-12-24 18:24:49.590838,,,0.3816164961950419
2024-12-24 18:24:49.633349,,,0.37613843095563204
2024-12-24 18:24:49.669370,,,0.3744852364840328
2024-12-24 18:24:49.705380,,,0.350896075378793
2024-12-24 18:24:49.746455,,,0.3529412192478747
2024-12-24 18:24:49.785027,,,0.33886475195337473
2024-12-24 18:24:49.821544,2024-12-24 18:24:49.902559,0.081015,0.2586883745136368
2024-12-24 18:24:49.902559,,,0.2586883745136368
2024-12-24 18:24:49.940074,,,0.2966011438491562
2024-12-24 18:24:49.980060,,,0.3439579924461158
2024-12-24 18:24:50.020821,,,0.36187510001467316
2024-12-24 18:24:50.058820,,,0.35996579159175535
2024-12-24 18:24:50.102825,,,0.3452411710060497
2024-12-24 18:24:50.145347,,,0.37447013890928815
2024-12-24 18:24:50.186344,,,0.37611845900368046
2024-12-24 18:24:50.222858,,,0.37611845900368046
2024-12-24 18:24:50.257857,,,0.39174345900368046
2024-12-24 18:24:50.297889,,,0.37611845900368046
2024-12-24 18:24:50.345408,,,0.3608661710060497
2024-12-24 18:24:50.385402,,,0.39157071500414464
2024-12-24 18:24:50.421916,,,0.39523874343353615
2024-12-24 18:24:50.459916,,,0.3639706310125806
2024-12-24 18:24:50.501150,,,0.3795956310125806
2024-12-24 18:24:50.544203,,,0.38070606557297865
2024-12-24 18:24:50.592205,,,0.35918330479963345
2024-12-24 18:24:50.633352,,,0.3953112215189033
2024-12-24 18:24:50.673372,,,0.38070606557297865
2024-12-24 18:24:50.709358,,,0.36990097614267536
2024-12-24 18:24:50.752870,,,0.3953112215189033
2024-12-24 18:24:50.790867,,,0.3795956310125806
2024-12-24 18:24:50.829422,,,0.3969581398996817
2024-12-24 18:24:50.865768,,,0.41086374343353615
2024-12-24 18:24:50.913775,,,0.3639706310125806
2024-12-24 18:24:50.960289,,,0.40982578695850524
2024-12-24 18:24:51.008296,,,0.3651793906740654
2024-12-24 18:24:51.044867,,,0.37592550466500885
2024-12-24 18:24:51.079860,,,0.33374047506665594
2024-12-24 18:24:51.114963,,,0.3605010294715913
2024-12-24 18:24:51.149478,,,0.37611845900368046
2024-12-24 18:24:51.182362,,,0.3661742261705535
2024-12-24 18:24:51.215502,,,0.3781089100726338
2024-12-24 18:24:51.251050,,,0.3645159201001854
2024-12-24 18:24:51.286038,,,0.3452411710060497
2024-12-24 18:24:51.321623,,,0.25779459335790894
2024-12-24 18:24:51.355609,2024-12-24 18:24:51.389957,0.034348,0.2651077161595173
2024-12-24 18:24:51.389957,,,0.2651077161595173
2024-12-24 18:24:51.425533,,,0.29189531073761554
2024-12-24 18:24:51.460067,,,0.314363883008419
2024-12-24 18:24:51.494084,,,0.32679776006016165
2024-12-24 18:24:51.529680,,,0.3495543906740654
2024-12-24 18:24:51.565664,,,0.3452411710060497
2024-12-24 18:24:51.602665,,,0.33374047506665594
2024-12-24 18:24:51.637243,,,0.36489613567758944
2024-12-24 18:24:51.670242,,,0.3606241031560051
2024-12-24 18:24:51.705247,,,0.3394839724775272
2024-12-24 18:24:51.738760,,,0.3748352804437466
2024-12-24 18:24:51.771781,,,0.3636054894781222
2024-12-24 18:24:51.806266,,,0.36526379554849026
2024-12-24 18:24:51.841381,,,0.36489613567758944
2024-12-24 18:24:51.875420,,,0.3639706310125806
2024-12-24 18:24:51.909591,,,0.3914414819152189
2024-12-24 18:24:51.942166,,,0.36526379554849026
2024-12-24 18:24:51.976650,,,0.3529412192478747
2024-12-24 18:24:52.010532,,,0.37611845900368046
2024-12-24 18:24:52.045208,,,0.365022964712838
2024-12-24 18:24:52.077787,,,0.33397791084288336
2024-12-24 18:24:52.113996,,,0.3914414819152189
2024-12-24 18:24:52.151610,,,0.3914414819152189
2024-12-24 18:24:52.186526,,,0.3930366235395901
2024-12-24 18:24:52.222293,,,0.37611845900368046
2024-12-24 18:24:52.258395,,,0.3553670749431569
2024-12-24 18:24:52.291291,,,0.35933093862009546
2024-12-24 18:24:52.326869,,,0.37611845900368046
2024-12-24 18:24:52.360967,,,0.3651793906740654
2024-12-24 18:24:52.393854,,,0.3651793906740654
2024-12-24 18:24:52.426523,,,0.36488106163464384
2024-12-24 18:24:52.459558,,,0.3621187685381754
2024-12-24 18:24:52.492559,,,0.36526379554849026
2024-12-24 18:24:52.525133,,,0.36508904723897456
2024-12-24 18:24:52.560132,,,0.3685575322228791
2024-12-24 18:24:52.593149,,,0.3673755720073455
2024-12-24 18:24:52.627580,,,0.36377707460854347
2024-12-24 18:24:52.660594,,,0.364896092900303
2024-12-24 18:24:52.693579,,,0.365022964712838
2024-12-24 18:24:52.731888,,,0.3631682645505828
2024-12-24 18:24:52.767905,,,0.3622181677382237
2024-12-24 18:24:52.800904,,,0.35384545652847643
2024-12-24 18:24:52.833524,,,0.35506664565017076
2024-12-24 18:24:52.866413,,,0.37721615086447613
2024-12-24 18:24:52.899428,,,0.3808043906740654
2024-12-24 18:24:52.931922,,,0.375753317469222
2024-12-24 18:24:52.963923,,,0.36647255520997507
2024-12-24 18:24:52.997029,,,0.3793304884370602
2024-12-24 18:24:53.029689,,,0.3914414819152189
2024-12-24 18:24:53.063701,,,0.3756237304970459
2024-12-24 18:24:53.100652,,,0.3651793906740654
2024-12-24 18:24:53.133169,,,0.3296161710060497
2024-12-24 18:24:53.171185,,,0.26926926550000635
2024-12-24 18:24:53.211357,,,0.2642956487232206
2024-12-24 18:24:53.248268,,,0.2926507541772957
2024-12-24 18:24:53.282887,,,0.2816993087988137
2024-12-24 18:24:53.317223,,,0.32363018094900886
2024-12-24 18:24:53.350888,,,0.3112934182365106
2024-12-24 18:24:53.384674,,,0.37611845900368046
2024-12-24 18:24:53.418689,,,0.37612844497965625
2024-12-24 18:24:53.451649,,,0.36184768456489613
2024-12-24 18:24:53.485667,,,0.36526379554849026
2024-12-24 18:24:53.518668,,,0.3606241031560051
2024-12-24 18:24:53.556075,,,0.36526379554849026
2024-12-24 18:24:53.591941,,,0.3508116705043682
2024-12-24 18:24:53.628732,,,0.3541583152816721
2024-12-24 18:24:53.669732,,,0.3541583152816721
2024-12-24 18:24:53.709737,,,0.3541583152816721
2024-12-24 18:24:53.745310,,,0.3649756507721296
2024-12-24 18:24:53.784312,,,0.37840498377205134
2024-12-24 18:24:53.820312,,,0.3541583152816721
2024-12-24 18:24:53.855823,,,0.3651793906740654
2024-12-24 18:24:53.890827,,,0.3748352804437466
2024-12-24 18:24:53.926423,,,0.3795956310125806
2024-12-24 18:24:53.963406,,,0.39523874343353615
2024-12-24 18:24:53.998404,,,0.36368248623621996
2024-12-24 18:24:54.033925,,,0.34907066898185757
2024-12-24 18:24:54.069110,,,0.36368248623621996
2024-12-24 18:24:54.106152,,,0.37857578695850524
2024-12-24 18:24:54.144250,,,0.37799523318299
2024-12-24 18:24:54.180430,,,0.3624839100726338
2024-12-24 18:24:54.215434,,,0.3651793906740654
2024-12-24 18:24:54.251823,,,0.38950834367133547
2024-12-24 18:24:54.287828,,,0.3921954512360578
2024-12-24 18:24:54.324403,,,0.3651793906740654
2024-12-24 18:24:54.359395,,,0.3684568485931491
2024-12-24 18:24:54.394379,,,0.3752560706261451
2024-12-24 18:24:54.430710,,,0.3904602804437466
2024-12-24 18:24:54.465711,,,0.3642116275957801
2024-12-24 18:24:54.502390,,,0.4060284198751395
2024-12-24 18:24:54.538200,,,0.39322466318732674
2024-12-24 18:24:54.572522,,,0.3816876067003311
2024-12-24 18:24:54.608481,,,0.3938841857676308
2024-12-24 18:24:54.643727,,,0.3934860974355251
2024-12-24 18:24:54.678857,,,0.3752560706261451
2024-12-24 18:24:54.713983,,,0.38088879554849026
2024-12-24 18:24:54.749726,,,0.407790022774853
2024-12-24 18:24:54.784744,,,0.40642650820724513
2024-12-24 18:24:54.823835,,,0.39420078695850524
2024-12-24 18:24:54.861242,,,0.3921954512360578
2024-12-24 18:24:54.895215,,,0.39479463255571245
2024-12-24 18:24:54.930997,,,0.36488106163464384
2024-12-24 18:24:54.969006,,,0.26089009903673754
2024-12-24 18:24:55.004998,2024-12-24 18:24:55.040811,0.035813,0.28416623407229447
2024-12-24 18:24:55.040811,,,0.28416623407229447
2024-12-24 18:24:55.075829,,,0.2836079804988043
2024-12-24 18:24:55.109943,,,0.314363883008419
2024-12-24 18:24:55.145618,,,0.33374047506665594
2024-12-24 18:24:55.176613,,,0.33374047506665594
2024-12-24 18:24:55.210062,,,0.3651793906740654
2024-12-24 18:24:55.243574,,,0.3636054894781222
2024-12-24 18:24:55.278574,,,0.3639706310125806
2024-12-24 18:24:55.314577,,,0.3639706310125806
2024-12-24 18:24:55.348131,,,0.3639706310125806
2024-12-24 18:24:55.383173,,,0.37891191624055665
2024-12-24 18:24:55.417155,,,0.3921954512360578
2024-12-24 18:24:55.451715,,,0.3804088206784021
2024-12-24 18:24:55.484687,,,0.3824337594954552
2024-12-24 18:24:55.520054,,,0.37857578695850524
2024-12-24 18:24:55.556679,,,0.407790022774853
2024-12-24 18:24:55.592564,,,0.3780398422375929
2024-12-24 18:24:55.626760,,,0.3636054894781222
2024-12-24 18:24:55.659759,,,0.393805216962842
2024-12-24 18:24:55.693760,,,0.3964293906740654
2024-12-24 18:24:55.727492,,,0.4109362215189033
2024-12-24 18:24:55.759398,,,0.40965498377205134
2024-12-24 18:24:55.793380,,,0.38209755520997507
2024-12-24 18:24:55.840258,,,0.3820814543602866
2024-12-24 18:24:55.875353,,,0.40719571500414464
2024-12-24 18:24:55.909257,,,0.3795956310125806
2024-12-24 18:24:55.942860,,,0.35796620876583607
2024-12-24 18:24:55.976852,,,0.36865782698601196
2024-12-24 18:24:56.011978,,,0.36368248623621996
2024-12-24 18:24:56.050382,,,0.3756237304970459
2024-12-24 18:24:56.086389,,,0.3651793906740654
2024-12-24 18:24:56.119308,,,0.38950834367133547
2024-12-24 18:24:56.152815,,,0.37928839771889966
2024-12-24 18:24:56.187801,,,0.37799523318299
2024-12-24 18:24:56.221845,,,0.3748352804437466
2024-12-24 18:24:56.259639,,,0.40292817483927135
2024-12-24 18:24:56.294637,,,0.37799523318299
2024-12-24 18:24:56.328151,,,0.3796960279404269
2024-12-24 18:24:56.363153,,,0.3681829174520815
2024-12-24 18:24:56.397150,,,0.38950834367133547
2024-12-24 18:24:56.430894,,,0.37433056596113623
2024-12-24 18:24:56.467820,,,0.3756237304970459
2024-12-24 18:24:56.501792,,,0.37433056596113623
2024-12-24 18:24:56.537400,,,0.3809069079694458
2024-12-24 18:24:56.573158,,,0.38950834367133547
2024-12-24 18:24:56.608269,,,0.36294061214030465
2024-12-24 18:24:56.644805,,,0.3770439636686893
2024-12-24 18:24:56.682788,,,0.3624839100726338
2024-12-24 18:24:56.720794,,,0.35387017050531144
2024-12-24 18:24:56.762287,,,0.3767966570194039
2024-12-24 18:24:56.799276,,,0.3769660212317211
2024-12-24 18:24:56.833952,,,0.3671537055008126
2024-12-24 18:24:56.868918,,,0.38329737242711515
2024-12-24 18:24:56.907916,,,0.3780070365493715
2024-12-24 18:24:56.944465,,,0.3840036261779166
2024-12-24 18:24:56.979464,,,0.39484434463303186
2024-12-24 18:24:57.018516,,,0.3806424918199564
2024-12-24 18:24:57.060004,,,0.41035566774338805
2024-12-24 18:24:57.100004,,,0.3804088206784021
2024-12-24 18:24:57.138537,,,0.37928839771889966
2024-12-24 18:24:57.176517,,,0.38392915782765075
2024-12-24 18:24:57.214549,,,0.38238511592737046
2024-12-24 18:24:57.251073,,,0.37892073784799885
2024-12-24 18:24:57.290074,,,0.3681829174520815
2024-12-24 18:24:57.326063,,,0.3792486018990777
2024-12-24 18:24:57.360850,,,0.3914414819152189
2024-12-24 18:24:57.397833,,,0.37799523318299
2024-12-24 18:24:57.435604,,,0.36368248623621996
2024-12-24 18:24:57.470615,,,0.39362023318299
2024-12-24 18:24:57.505613,,,0.37799523318299
2024-12-24 18:24:57.543131,,,0.39491339771889966
2024-12-24 18:24:57.587130,,,0.3980032547800564
2024-12-24 18:24:57.636725,,,0.38950834367133547
2024-12-24 18:24:57.673725,,,0.37281526440556656
2024-12-24 18:24:57.708817,,,0.3948431734378729
2024-12-24 18:24:57.743384,,,0.3642116275957801
2024-12-24 18:24:57.777485,,,0.3816717037712253
2024-12-24 18:24:57.810385,,,0.3452411710060497
2024-12-24 18:24:57.845947,2024-12-24 18:24:57.918953,0.073006,0.28180999974753845
2024-12-24 18:24:57.918953,,,0.28180999974753845
2024-12-24 18:24:57.955623,,,0.2957890764128595
2024-12-24 18:24:57.991520,,,0.314363883008419
2024-12-24 18:24:58.027025,,,0.3452411710060497
2024-12-24 18:24:58.061778,,,0.35804776006016165
2024-12-24 18:24:58.097842,,,0.3748352804437466
2024-12-24 18:24:58.133037,,,0.37433056596113623
2024-12-24 18:24:58.168882,,,0.38955999596547297
2024-12-24 18:24:58.206396,,,0.3906682680417148
2024-12-24 18:24:58.247722,,,0.37892073784799885
2024-12-24 18:24:58.286729,,,0.39433293526356855
2024-12-24 18:24:58.324734,,,0.3752560706261451
2024-12-24 18:24:58.360246,,,0.42059776277625804
2024-12-24 18:24:58.395245,,,0.37789152589673
2024-12-24 18:24:58.431089,,,0.39622412484095504
2024-12-24 18:24:58.467661,,,0.3795956310125806
2024-12-24 18:24:58.508944,,,0.3990412112550873
2024-12-24 18:24:58.548023,,,0.3639706310125806
2024-12-24 18:24:58.589024,,,0.36526379554849026
2024-12-24 18:24:58.623028,,,0.40736845900368046
2024-12-24 18:24:58.658119,,,0.36526379554849026
2024-12-24 18:24:58.697121,,,0.39313089483789265
2024-12-24 18:24:58.736203,,,0.3808043906740654
2024-12-24 18:24:58.771206,,,0.38070606557297865
2024-12-24 18:24:58.807925,,,0.39322466318732674
2024-12-24 18:24:58.843470,,,0.39753982523446346
2024-12-24 18:24:58.878437,,,0.39263853520748443
2024-12-24 18:24:58.914359,,,0.38070606557297865
2024-12-24 18:24:58.949311,,,0.3948431734378729
2024-12-24 18:24:58.988315,,,0.39245616108425896
2024-12-24 18:24:59.023920,,,0.39174345900368046
2024-12-24 18:24:59.064753,,,0.38049070721638456
2024-12-24 18:24:59.099445,,,0.3964293906740654
2024-12-24 18:24:59.137186,,,0.407790022774853
2024-12-24 18:24:59.173188,,,0.3948431734378729
2024-12-24 18:24:59.208191,,,0.3964293906740654
2024-12-24 18:24:59.244705,,,0.3944161836920075
2024-12-24 18:24:59.280705,,,0.39174345900368046
2024-12-24 18:24:59.316708,,,0.42144061729070914
2024-12-24 18:24:59.354216,,,0.37892073784799885
2024-12-24 18:24:59.397215,,,0.404757404419664
2024-12-24 18:24:59.434293,,,0.39753982523446346
2024-12-24 18:24:59.468291,,,0.38776391793842835
2024-12-24 18:24:59.501294,,,0.4047377736756722
2024-12-24 18:24:59.535969,,,0.3639706310125806
2024-12-24 18:24:59.573964,,,0.3659995206383243
2024-12-24 18:24:59.609861,,,0.3776300916485316
2024-12-24 18:24:59.642527,,,0.36869221648119055
2024-12-24 18:24:59.677365,,,0.37611845900368046
2024-12-24 18:24:59.711348,,,0.404757404419664
2024-12-24 18:24:59.745322,,,0.4047377736756722
2024-12-24 18:24:59.781211,,,0.3934860974355251
2024-12-24 18:24:59.812980,,,0.3930366235395901
2024-12-24 18:24:59.857560,,,0.40889829485109475
2024-12-24 18:24:59.891659,,,0.3948431734378729
2024-12-24 18:24:59.925575,,,0.40889829485109475
2024-12-24 18:24:59.956094,,,0.42424025374913377
2024-12-24 18:24:59.989607,,,0.4088192347261219
2024-12-24 18:25:00.028719,,,0.4088192347261219
2024-12-24 18:25:00.068731,,,0.3804088206784021
2024-12-24 18:25:00.127739,,,0.3931343590999824
2024-12-24 18:25:00.172088,,,0.3870026339687618
2024-12-24 18:25:00.212074,,,0.39739652748232657
2024-12-24 18:25:00.246696,,,0.371608716324749
2024-12-24 18:25:00.282117,,,0.3690746948018447
2024-12-24 18:25:00.317117,,,0.37789152589673
2024-12-24 18:25:00.350624,,,0.40689373791568306
2024-12-24 18:25:00.385624,,,0.36787629481763384
2024-12-24 18:25:00.418648,,,0.3589557564364885
2024-12-24 18:25:00.454155,,,0.36949480506818
2024-12-24 18:25:00.489156,,,0.3824956643988516
2024-12-24 18:25:00.524159,,,0.39273464645112854
2024-12-24 18:25:00.561824,,,0.3966866103062113
2024-12-24 18:25:00.596839,,,0.38950834367133547
2024-12-24 18:25:00.634403,,,0.38433532890214606
2024-12-24 18:25:00.668419,,,0.3659995206383243
2024-12-24 18:25:00.702525,,,0.38271681865159995
2024-12-24 18:25:00.737134,,,0.4029416956486276
2024-12-24 18:25:00.772025,,,0.37298724555898927
2024-12-24 18:25:00.806025,,,0.3809069079694458
2024-12-24 18:25:00.842326,,,0.37612844497965625
2024-12-24 18:25:00.876341,,,0.30519395033467095
2024-12-24 18:25:00.912326,,,0.2833341243479605
2024-12-24 18:25:00.946909,,,0.31074903894486067
2024-12-24 18:25:00.979907,,,0.30488966572262227
2024-12-24 18:25:01.018913,,,0.3490003335321975
2024-12-24 18:25:01.052488,,,0.32081895033467095
2024-12-24 18:25:01.088469,,,0.39523874343353615
2024-12-24 18:25:01.123482,,,0.35210483504027784
2024-12-24 18:25:01.159105,,,0.39174345900368046
2024-12-24 18:25:01.195999,,,0.3639706310125806
2024-12-24 18:25:01.231628,,,0.37930748623621996
2024-12-24 18:25:01.265633,,,0.39523318888943026
2024-12-24 18:25:01.304728,,,0.3845073100555688
2024-12-24 18:25:01.342454,,,0.4089358114928866
2024-12-24 18:25:01.376469,,,0.3979960963747126
2024-12-24 18:25:01.409460,,,0.3978324515936025
2024-12-24 18:25:01.442372,,,0.3651793906740654
2024-12-24 18:25:01.476367,,,0.39633106557297865
2024-12-24 18:25:01.511670,,,0.38209755520997507
2024-12-24 18:25:01.545968,,,0.3639706310125806
2024-12-24 18:25:01.582628,,,0.3965319079694458
2024-12-24 18:25:01.620718,,,0.364814249139607
2024-12-24 18:25:01.656230,,,0.3651793906740654
2024-12-24 18:25:01.689135,,,0.36215933554195934
2024-12-24 18:25:01.724980,,,0.3636054894781222
2024-12-24 18:25:01.765592,,,0.36647255520997507
2024-12-24 18:25:01.801479,,,0.36489613567758944
2024-12-24 18:25:01.835993,,,0.3526366968669916
2024-12-24 18:25:01.871729,,,0.3624839100726338
2024-12-24 18:25:01.906829,,,0.37921934463303186
2024-12-24 18:25:01.939449,,,0.37940207460854347
2024-12-24 18:25:01.972451,,,0.37930748623621996
2024-12-24 18:25:02.006449,,,0.39362023318299
2024-12-24 18:25:02.038991,,,0.3937014557921192
2024-12-24 18:25:02.072028,,,0.380417920796618
2024-12-24 18:25:02.105484,,,0.4235579801297601
2024-12-24 18:25:02.141081,,,0.39362023318299
2024-12-24 18:25:02.177046,,,0.4089358114928866
2024-12-24 18:25:02.212047,,,0.39440191029336813
2024-12-24 18:25:02.244759,,,0.42411358920308584
2024-12-24 18:25:02.278768,,,0.39742270100454113
2024-12-24 18:25:02.316664,,,0.42075834367133547
2024-12-24 18:25:02.350270,,,0.37433056596113623
2024-12-24 18:25:02.383774,,,0.39362023318299
2024-12-24 18:25:02.416926,,,0.38288879980502266
2024-12-24 18:25:02.452706,,,0.3649756507721296
2024-12-24 18:25:02.487706,,,0.36368248623621996
2024-12-24 18:25:02.524986,,,0.3645182502302277
2024-12-24 18:25:02.563600,,,0.3730595505056608
2024-12-24 18:25:02.599875,,,0.38823732821586
2024-12-24 18:25:02.638254,,,0.37799523318299
2024-12-24 18:25:02.674490,,,0.36368248623621996
2024-12-24 18:25:02.710490,,,0.4218687782317335
2024-12-24 18:25:02.747024,,,0.39362023318299
2024-12-24 18:25:02.787023,,,0.3833313656198494
2024-12-24 18:25:02.824032,,,0.3924216570194039
2024-12-24 18:25:02.861539,,,0.39473066774338805
2024-12-24 18:25:02.897019,,,0.37433056596113623
2024-12-24 18:25:02.932796,,,0.39362023318299
2024-12-24 18:25:02.968798,,,0.37433056596113623
2024-12-24 18:25:03.004795,,,0.3804731276076392
2024-12-24 18:25:03.044321,,,0.4106903330709366
2024-12-24 18:25:03.084321,,,0.3953483741728976
2024-12-24 18:25:03.121324,,,0.4093264557921192
2024-12-24 18:25:03.158481,,,0.3936344137763881
2024-12-24 18:25:03.197465,,,0.39402998377205134
2024-12-24 18:25:03.234607,,,0.39362023318299
2024-12-24 18:25:03.269610,,,0.39402998377205134
2024-12-24 18:25:03.307609,,,0.39402998377205134
2024-12-24 18:25:03.349804,,,0.3904602804437466
2024-12-24 18:25:03.387857,,,0.36735895682445524
2024-12-24 18:25:03.425822,,,0.39523874343353615
2024-12-24 18:25:03.463331,,,0.3910660005215343
2024-12-24 18:25:03.500237,,,0.3688558612623007
2024-12-24 18:25:03.538753,,,0.37612844497965625
2024-12-24 18:25:03.582773,,,0.4119741779939342
2024-12-24 18:25:03.623904,,,0.39174345900368046
2024-12-24 18:25:03.664024,,,0.39273464645112854
2024-12-24 18:25:03.701024,,,0.32808093862009546
2024-12-24 18:25:03.739539,2024-12-24 18:25:03.780543,0.041004,0.2677395528091654
2024-12-24 18:25:03.780543,,,0.2677395528091654
2024-12-24 18:25:03.828576,,,0.29702002418676504
2024-12-24 18:25:03.874090,,,0.2801640764128595
2024-12-24 18:25:03.917090,,,0.329988883008419
2024-12-24 18:25:03.959605,,,0.34921967760081185
2024-12-24 18:25:04.001604,,,0.3541499789093595
2024-12-24 18:25:04.039136,,,0.3508116705043682
2024-12-24 18:25:04.079138,,,0.35105385527514116
2024-12-24 18:25:04.116136,,,0.3526366968669916
2024-12-24 18:25:04.150635,,,0.37611845900368046
2024-12-24 18:25:04.191635,,,0.36499047506665594
2024-12-24 18:25:04.227641,,,0.3529412192478747
2024-12-24 18:25:04.264329,,,0.35733703105035364
2024-12-24 18:25:04.308346,,,0.3349977548969587
2024-12-24 18:25:04.354478,,,0.37771334007697055
2024-12-24 18:25:04.388494,,,0.36377707460854347
2024-12-24 18:25:04.426525,,,0.37435271504157047
2024-12-24 18:25:04.460323,,,0.34951862288918695
2024-12-24 18:25:04.493310,,,0.3779531171276934
2024-12-24 18:25:04.528316,,,0.37433056596113623
2024-12-24 18:25:04.562929,,,0.40558056596113623
2024-12-24 18:25:04.598909,,,0.3806006507721296
2024-12-24 18:25:04.635151,,,0.3912487304970459
2024-12-24 18:25:04.672268,,,0.39491339771889966
2024-12-24 18:25:04.707571,,,0.36368248623621996
2024-12-24 18:25:04.738380,,,0.41035566774338805
2024-12-24 18:25:04.782780,,,0.3756237304970459
2024-12-24 18:25:04.814770,,,0.37930748623621996
2024-12-24 18:25:04.848404,,,0.2946979702787949
2024-12-24 18:25:04.882389,2024-12-24 18:25:04.949861,0.067472,0.2607883451364865
2024-12-24 18:25:04.949861,,,0.2607883451364865
2024-12-24 18:25:04.982863,,,0.30488966572262227
2024-12-24 18:25:05.014865,,,0.31835291084288336
2024-12-24 18:25:05.051399,,,0.3616599424142052
2024-12-24 18:25:05.086400,,,0.3508116705043682
2024-12-24 18:25:05.121407,,,0.37930748623621996
2024-12-24 18:25:05.159243,,,0.3804088206784021
2024-12-24 18:25:05.193239,,,0.410437744976668
2024-12-24 18:25:05.227921,,,0.3806006507721296
2024-12-24 18:25:05.263434,,,0.37930748623621996
2024-12-24 18:25:05.296435,,,0.41035566774338805
2024-12-24 18:25:05.333465,,,0.40924523318299
2024-12-24 18:25:05.370173,,,0.3964293906740654
2024-12-24 18:25:05.405195,,,0.41035566774338805
2024-12-24 18:25:05.437685,,,0.42487209773613877
2024-12-24 18:25:05.468782,,,0.407790022774853
2024-12-24 18:25:05.504012,,,0.37891191624055665
2024-12-24 18:25:05.540860,,,0.41086374343353615
2024-12-24 18:25:05.574861,,,0.28179889196200636
2024-12-24 18:25:05.607859,2024-12-24 18:25:05.644514,0.036655,0.2545284297850735
2024-12-24 18:25:05.644514,,,0.2545284297850735
2024-12-24 18:25:05.679618,2024-12-24 18:25:05.712515,0.032897,0.2629373151382368
2024-12-24 18:25:05.712515,,,0.2629373151382368
2024-12-24 18:25:05.746253,,,0.3284536506224648
2024-12-24 18:25:05.780254,,,0.32849013939205385
2024-12-24 18:25:05.815253,,,0.34936547506665594
2024-12-24 18:25:05.851845,,,0.3624839100726338
2024-12-24 18:25:05.885847,,,0.364814249139607
2024-12-24 18:25:05.921892,,,0.3608661710060497
2024-12-24 18:25:05.957535,,,0.37611845900368046
2024-12-24 18:25:05.989431,,,0.2519264847164443
2024-12-24 18:25:06.024564,2024-12-24 18:25:06.095076,0.070512,0.30541342022363593
2024-12-24 18:25:06.095076,,,0.30541342022363593
2024-12-24 18:25:06.131075,,,0.32478054967508563
2024-12-24 18:25:06.163723,,,0.3439579924461158
2024-12-24 18:25:06.196636,,,0.3350518138199894
2024-12-24 18:25:06.233639,,,0.37396542442667785
2024-12-24 18:25:06.270290,,,0.39245616108425896
2024-12-24 18:25:06.304195,,,0.36836051375696105
2024-12-24 18:25:06.337799,,,0.38356174361524187
2024-12-24 18:25:06.372812,,,0.3608661710060497
2024-12-24 18:25:06.408813,,,0.3967873367132278
2024-12-24 18:25:06.443502,,,0.3846068584956165
2024-12-24 18:25:06.478582,,,0.3964293906740654
2024-12-24 18:25:06.517577,,,0.368525962016344
2024-12-24 18:25:06.552993,,,0.36647255520997507
2024-12-24 18:25:06.590991,,,0.3639706310125806
2024-12-24 18:25:06.624216,,,0.38209755520997507
2024-12-24 18:25:06.658459,,,0.4088192347261219
2024-12-24 18:25:06.692463,,,0.3808043906740654
2024-12-24 18:25:06.727570,,,0.36610489533907425
2024-12-24 18:25:06.764106,,,0.2750417196601568
2024-12-24 18:25:06.799106,2024-12-24 18:25:06.868924,0.069818,0.2981148822764107
2024-12-24 18:25:06.868924,,,0.2981148822764107
2024-12-24 18:25:06.901813,,,0.30519395033467095
2024-12-24 18:25:06.934839,,,0.36526379554849026
2024-12-24 18:25:06.970351,,,0.3508116705043682
2024-12-24 18:25:07.008353,,,0.3688558612623007
2024-12-24 18:25:07.043669,,,0.3676471016008159
2024-12-24 18:25:07.080010,,,0.40965498377205134
2024-12-24 18:25:07.115876,,,0.3969581398996817
2024-12-24 18:25:07.155454,,,0.36647255520997507
2024-12-24 18:25:07.194519,,,0.3688558612623007
2024-12-24 18:25:07.233526,,,0.3967873367132278
2024-12-24 18:25:07.273676,,,0.38070606557297865
2024-12-24 18:25:07.310678,,,0.370072957296098
2024-12-24 18:25:07.347743,,,0.3820814543602866
2024-12-24 18:25:07.385742,,,0.3663061432727719
2024-12-24 18:25:07.424968,,,0.41035566774338805
2024-12-24 18:25:07.463701,,,0.4004541134973547
2024-12-24 18:25:07.498533,,,0.4070664819152189
2024-12-24 18:25:07.532765,,,0.34531324887757564
2024-12-24 18:25:07.572036,,,0.37928839771889966
2024-12-24 18:25:07.614033,,,0.38070606557297865
2024-12-24 18:25:07.648550,,,0.37799523318299
2024-12-24 18:25:07.687547,,,0.38209755520997507
2024-12-24 18:25:07.725673,,,0.3963491779939342
2024-12-24 18:25:07.766172,,,0.39353209157980196
2024-12-24 18:25:07.804171,,,0.4079329801297601
2024-12-24 18:25:07.846729,,,0.40817691647561694
2024-12-24 18:25:07.886731,,,0.4119741779939342
2024-12-24 18:25:07.925768,,,0.38995556596113623
2024-12-24 18:25:07.963275,,,0.38209755520997507
2024-12-24 18:25:07.998277,,,0.3808043906740654
2024-12-24 18:25:08.037284,,,0.38070606557297865
2024-12-24 18:25:08.078798,,,0.3963491779939342
2024-12-24 18:25:08.114798,,,0.37921934463303186
2024-12-24 18:25:08.150610,,,0.3804731276076392
2024-12-24 18:25:08.188897,,,0.380417920796618
2024-12-24 18:25:08.226369,,,0.39473066774338805
2024-12-24 18:25:08.266227,,,0.380417920796618
2024-12-24 18:25:08.300713,,,0.4119741779939342
2024-12-24 18:25:08.335582,,,0.39473066774338805
2024-12-24 18:25:08.374542,,,0.37921934463303186
2024-12-24 18:25:08.416120,,,0.42640853075340496
2024-12-24 18:25:08.455695,,,0.39473066774338805
2024-12-24 18:25:08.492194,,,0.37930748623621996
2024-12-24 18:25:08.526961,,,0.4070664819152189
2024-12-24 18:25:08.560573,,,0.3808043906740654
2024-12-24 18:25:08.596487,,,0.3795956310125806
2024-12-24 18:25:08.630471,,,0.3964293906740654
2024-12-24 18:25:08.665015,,,0.3976461751907533
2024-12-24 18:25:08.699014,,,0.38235298395375705
2024-12-24 18:25:08.735188,,,0.2866765594592465
2024-12-24 18:25:08.769772,,,0.2798902202620157
2024-12-24 18:25:08.802768,,,0.3082936404024553
2024-12-24 18:25:08.836754,,,0.2966011438491562
2024-12-24 18:25:08.869559,,,0.33128204754432866
2024-12-24 18:25:08.902643,,,0.3452411710060497
2024-12-24 18:25:08.937568,,,0.32386761672523634
2024-12-24 18:25:08.975104,,,0.342077172584812
2024-12-24 18:25:09.013184,,,0.34678835090593696
2024-12-24 18:25:09.049598,,,0.3651793906740654
2024-12-24 18:25:09.086704,,,0.349435810516316
2024-12-24 18:25:09.124805,,,0.34960291084288336
2024-12-24 18:25:09.159427,,,0.3639706310125806
2024-12-24 18:25:09.194503,,,0.35210483504027784
2024-12-24 18:25:09.228546,,,0.36488106163464384
2024-12-24 18:25:09.262030,,,0.3651793906740654
2024-12-24 18:25:09.295286,,,0.37940207460854347
2024-12-24 18:25:09.333309,,,0.3651793906740654
2024-12-24 18:25:09.368839,,,0.3490003335321975
2024-12-24 18:25:09.403823,,,0.3651793906740654
2024-12-24 18:25:09.436932,,,0.3633173447017616
2024-12-24 18:25:09.470383,,,0.3808043906740654
2024-12-24 18:25:09.504383,,,0.370072957296098
2024-12-24 18:25:09.538506,,,0.364814249139607
2024-12-24 18:25:09.571174,,,0.3651793906740654
2024-12-24 18:25:09.605160,,,0.3792000610169173
2024-12-24 18:25:09.639164,,,0.3940160928556329
2024-12-24 18:25:09.672614,,,0.36489613567758944
2024-12-24 18:25:09.705883,,,0.3769660212317211
2024-12-24 18:25:09.739998,,,0.3948431734378729
2024-12-24 18:25:09.773519,,,0.3688641976346132
2024-12-24 18:25:09.809523,,,0.3651793906740654
2024-12-24 18:25:09.845061,,,0.3673172023548592
2024-12-24 18:25:09.878165,,,0.33979059511197485
2024-12-24 18:25:09.912175,,,0.3676471016008159
2024-12-24 18:25:09.947574,,,0.34099935477345966
2024-12-24 18:25:09.980673,,,0.33969150621247446
2024-12-24 18:25:10.016590,,,0.38151709275464396
2024-12-24 18:25:10.052092,,,0.38191482523446346
2024-12-24 18:25:10.094091,,,0.36610489533907425
2024-12-24 18:25:10.136203,,,0.39245616108425896
2024-12-24 18:25:10.173721,,,0.3928538935640785
2024-12-24 18:25:10.212822,2024-12-24 18:25:10.285233,0.072411,0.2898282059035131
2024-12-24 18:25:10.285233,,,0.2898282059035131
2024-12-24 18:25:10.320445,,,0.34337122554684196
2024-12-24 18:25:10.358950,,,0.3490003335321975
2024-12-24 18:25:10.397951,,,0.34960291084288336
2024-12-24 18:25:10.443487,,,0.3764911710060497
2024-12-24 18:25:10.485754,,,0.3795956310125806
2024-12-24 18:25:10.523661,,,0.3808043906740654
2024-12-24 18:25:10.562211,,,0.3795956310125806
2024-12-24 18:25:10.602211,,,0.380417920796618
2024-12-24 18:25:10.641817,,,0.39633106557297865
2024-12-24 18:25:10.680822,,,0.3979960963747126
2024-12-24 18:25:10.719824,,,0.3676471016008159
2024-12-24 18:25:10.756341,,,0.3795956310125806
2024-12-24 18:25:10.792337,,,0.39742270100454113
2024-12-24 18:25:10.829342,,,0.3963775861241665
2024-12-24 18:25:10.866855,,,0.39742270100454113
2024-12-24 18:25:10.904854,,,0.40642650820724513
2024-12-24 18:25:10.953329,,,0.38185958785375373
2024-12-24 18:25:11.012331,,,0.3953483741728976
2024-12-24 18:25:11.050915,,,0.3953483741728976
2024-12-24 18:25:11.089934,,,0.3806006507721296
2024-12-24 18:25:11.126025,,,0.39523874343353615
2024-12-24 18:25:11.163181,,,0.37930748623621996
2024-12-24 18:25:11.201178,,,0.36526379554849026
2024-12-24 18:25:11.236191,,,0.2771484235564716
2024-12-24 18:25:11.270058,2024-12-24 18:25:11.336576,0.066518,0.2978410261255669
2024-12-24 18:25:11.336576,,,0.2978410261255669
2024-12-24 18:25:11.369161,,,0.34625010001467316
2024-12-24 18:25:11.403071,,,0.3595829924461158
2024-12-24 18:25:11.436242,,,0.3608661710060497
2024-12-24 18:25:11.472189,,,0.35387017050531144
2024-12-24 18:25:11.510081,,,0.3808043906740654
2024-12-24 18:25:11.545115,,,0.37961374343353615
2024-12-24 18:25:11.579119,,,0.3636054894781222
2024-12-24 18:25:11.615139,,,0.36526379554849026
2024-12-24 18:25:11.654667,,,0.38271681865159995
2024-12-24 18:25:11.692667,,,0.3840036261779166
2024-12-24 18:25:11.727668,,,0.3452411710060497
2024-12-24 18:25:11.765921,,,0.2651077161595173
2024-12-24 18:25:11.804839,2024-12-24 18:25:11.884149,0.07931,0.2509434062891991
2024-12-24 18:25:11.884149,,,0.2509434062891991
2024-12-24 18:25:11.922127,,,0.3081928370470504
2024-12-24 18:25:11.956642,,,0.329988883008419
2024-12-24 18:25:11.994643,,,0.34936547506665594
2024-12-24 18:25:12.031646,,,0.3730595505056608
2024-12-24 18:25:12.066774,,,0.3730595505056608
2024-12-24 18:25:12.103750,,,0.3921954512360578
2024-12-24 18:25:12.138781,,,0.3748352804437466
2024-12-24 18:25:12.174288,,,0.36489613567758944
2024-12-24 18:25:12.211283,,,0.3804088206784021
2024-12-24 18:25:12.252619,,,0.3804088206784021
2024-12-24 18:25:12.290622,,,0.4088192347261219
2024-12-24 18:25:12.325621,,,0.3904602804437466
2024-12-24 18:25:12.361157,,,0.39402998377205134
2024-12-24 18:25:12.396399,,,0.41035566774338805
2024-12-24 18:25:12.429868,,,0.40924523318299
2024-12-24 18:25:12.468627,,,0.41086374343353615
2024-12-24 18:25:12.505626,,,0.40707646789119467
2024-12-24 18:25:12.539735,,,0.38209755520997507
2024-12-24 18:25:12.573267,,,0.38031259257399974
2024-12-24 18:25:12.607266,,,0.3990412112550873
2024-12-24 18:25:12.645800,,,0.3688558612623007
2024-12-24 18:25:12.682784,,,0.36990097614267536
2024-12-24 18:25:12.717800,,,0.39553052087182333
2024-12-24 18:25:12.754978,,,0.35385169264722444
2024-12-24 18:25:12.793466,,,0.36990097614267536
2024-12-24 18:25:12.834453,,,0.3636054894781222
2024-12-24 18:25:12.869963,,,0.3895518109809726
2024-12-24 18:25:12.905457,,,0.380539248098545
2024-12-24 18:25:12.941303,,,0.4119741779939342
2024-12-24 18:25:12.975768,,,0.3976461751907533
2024-12-24 18:25:13.010737,,,0.3449594538152058
2024-12-24 18:25:13.046542,,,0.2616341523289544
2024-12-24 18:25:13.078526,2024-12-24 18:25:13.112458,0.033932,0.2866999024111562
2024-12-24 18:25:13.112458,,,0.2866999024111562
2024-12-24 18:25:13.146982,,,0.3190204623595353
2024-12-24 18:25:13.182982,,,0.2966011438491562
2024-12-24 18:25:13.218089,,,0.3490003335321975
2024-12-24 18:25:13.253638,,,0.3748352804437466
2024-12-24 18:25:13.287749,,,0.3639706310125806
2024-12-24 18:25:13.320741,,,0.37611845900368046
2024-12-24 18:25:13.355254,,,0.35553325597297813
2024-12-24 18:25:13.389355,,,0.37612844497965625
2024-12-24 18:25:13.426255,,,0.3904602804437466
2024-12-24 18:25:13.460471,,,0.3795956310125806
2024-12-24 18:25:13.492473,,,0.39504801500767595
2024-12-24 18:25:13.526199,,,0.3804088206784021
2024-12-24 18:25:13.558328,,,0.39433293526356855
2024-12-24 18:25:13.592235,,,0.39600339221719727
2024-12-24 18:25:13.627220,,,0.3795956310125806
2024-12-24 18:25:13.661429,,,0.3804088206784021
2024-12-24 18:25:13.695432,,,0.4084788935640785
2024-12-24 18:25:13.729431,,,0.364814249139607
2024-12-24 18:25:13.763454,,,0.39554592682523154
2024-12-24 18:25:13.799457,,,0.3840036261779166
2024-12-24 18:25:13.832465,,,0.3795568659123565
2024-12-24 18:25:13.866806,,,0.39600339221719727
2024-12-24 18:25:13.900873,,,0.3795012916235141
2024-12-24 18:25:13.933768,,,0.36990097614267536
2024-12-24 18:25:13.967384,,,0.39420078695850524
2024-12-24 18:25:14.001277,,,0.3651793906740654
2024-12-24 18:25:14.035297,,,0.39420078695850524
2024-12-24 18:25:14.068923,,,0.39509586316230927
2024-12-24 18:25:14.101319,,,0.3795012916235141
2024-12-24 18:25:14.135239,,,0.3809069079694458
2024-12-24 18:25:14.168801,,,0.3782106454240468
2024-12-24 18:25:14.202801,,,0.37660087969726275
2024-12-24 18:25:14.237836,,,0.364814249139607
2024-12-24 18:25:14.272414,,,0.3925910212317211
2024-12-24 18:25:14.309399,,,0.3649756507721296
2024-12-24 18:25:14.343401,,,0.3769660212317211
2024-12-24 18:25:14.376108,,,0.3937014557921192
2024-12-24 18:25:14.410206,,,0.39473066774338805
2024-12-24 18:25:14.446933,,,0.3925719327144009
2024-12-24 18:25:14.485838,,,0.4079329801297601
2024-12-24 18:25:14.520932,,,0.39362023318299
2024-12-24 18:25:14.557458,,,0.3676471016008159
2024-12-24 18:25:14.592457,,,0.33916495104060884
2024-12-24 18:25:14.625290,,,0.35384545652847643
2024-12-24 18:25:14.671872,,,0.34882084081028997
2024-12-24 18:25:14.705271,,,0.3605010294715913
2024-12-24 18:25:14.739649,,,0.3296541699351654
2024-12-24 18:25:14.772300,,,0.3490003335321975
2024-12-24 18:25:14.809395,,,0.36526379554849026
2024-12-24 18:25:14.846289,,,0.3508116705043682
2024-12-24 18:25:14.879906,,,0.3553670749431569
2024-12-24 18:25:14.912801,,,0.3021022417659224
2024-12-24 18:25:14.946317,,,0.2533527035917676
2024-12-24 18:25:14.979427,,,0.2533527035917676
2024-12-24 18:25:15.012426,,,0.2514329241062449
2024-12-24 18:25:15.047942,2024-12-24 18:25:15.084944,0.037002,0.25160423789187875
2024-12-24 18:25:15.084944,,,0.25160423789187875
2024-12-24 18:25:15.120174,,,0.25318309891868385
2024-12-24 18:25:15.155966,2024-12-24 18:25:15.578924,0.422958,0.2593260901762192
2024-12-24 18:25:15.578924,,,0.2593260901762192
2024-12-24 18:25:15.612925,2024-12-24 18:25:15.718730,0.105805,0.27349849839303436
2024-12-24 18:25:15.718730,,,0.27349849839303436
2024-12-24 18:25:15.754966,2024-12-24 18:25:15.756966,0.002,0.2543089586824005
2024-12-24 18:25:15.756966,,,0.2543089586824005
2024-12-24 18:25:15.793989,2024-12-24 18:25:15.795950,0.001961,0.2958393051041235
2024-12-24 18:25:15.795950,,,0.2958393051041235
2024-12-24 18:25:15.829952,2024-12-24 18:25:15.831952,0.002,0.30306027176632844
2024-12-24 18:25:15.831952,,,0.30306027176632844
2024-12-24 18:25:15.866499,2024-12-24 18:25:15.902469,0.03597,0.3122837094205613
2024-12-24 18:25:15.902469,,,0.3122837094205613
2024-12-24 18:25:15.937474,,,0.31114090112132764
2024-12-24 18:25:15.939474,2024-12-24 18:25:15.978984,0.03951,0.3068181818181818
2024-12-24 18:25:15.978984,,,0.3068181818181818
2024-12-24 18:25:16.016008,2024-12-24 18:25:16.016985,0.000977,0.27794238000619
2024-12-24 18:25:16.016985,,,0.27794238000619
2024-12-24 18:25:16.056404,2024-12-24 18:25:16.058407,0.002003,0.25926541127374725
2024-12-24 18:25:16.058407,,,0.25926541127374725
2024-12-24 18:25:16.097407,2024-12-24 18:25:16.099405,0.001998,0.2674460917411565
2024-12-24 18:25:16.099405,,,0.2674460917411565
2024-12-24 18:25:16.141413,2024-12-24 18:25:16.143413,0.002,0.2758286674382326
2024-12-24 18:25:16.143413,,,0.2758286674382326
